	X1433BETA	X1433EPSILON	X1433ZETA	X4EBP1	X4EBP1_pS65	X4EBP1_pT37T46	X4EBP1_pT70	X53BP1	ARAF_pS299	ACC_pS79	ACC1	ACETYLATUBULIN(LYS40)	ACVRL1	ADAR1	AKT	AKT_pS473	AKT_pT308	ALPHACATENIN	AMPKALPHA	AMPKALPHA_pT172	ANNEXIN1	ANNEXINVII	AR	DIRAS3	ASNS	ATM	BRAF	BAD_pS112	BAK	BAP1C4	BAX	BCL2	BCLXL	BECLIN	BETACATENIN	BID	BIM	BRCA2	CJUN_pS73	CKIT	CMET	CMET_pY1235	CMYC	CRAF	CRAF_pS338	CASPASE7CLEAVEDD198	CASPASE8	CAVEOLIN1	CD20	CD31	CD49B	CDK1	CHK1	CHK1_pS345	CHK2	CHK2_pT68	CIAP	CLAUDIN7	COLLAGENVI	CYCLINB1	CYCLIND1	CYCLINE1	CYCLINE2	DJ1	DVL3	ECADHERIN	EEF2	EEF2K	EGFR	EGFR_pY1068	EGFR_pY1173	EIF4E	EIF4G	ERALPHA	ERALPHA_pS118	ERCC1	ERK2	ETS1	FASN	FIBRONECTIN	FOXM1	FOXO3A	FOXO3A_pS318S321	G6PD	GAB2	GAPDH	GATA3	GSK3ALPHABETA	GSK3ALPHABETA_pS21S9	GSK3_pS9	HER2	HER2_pY1248	HER3	HER3_pY1289	HEREGULIN	HSP70	IGFBP2	INPP4B	IRS1	JNK_pT183PT185	JNK2	KU80	LCK	LKB1	MAPK_pT202Y204	MEK1	MEK1_pS217S221	MIG6	MRE11	MSH2	MSH6	MTOR	MTOR_pS2448	MYH11	MYOSINIIAPS1943	NCADHERIN	NRAS	NDRG1_pT346	NFKBP65_pS536	NF2	NOTCH1	PCADHERIN	P21	P27	P27_pT157	P27_pT198	P38	P38_pT180Y182	P53	P62LCKLIGAND	P70S6K1	P70S6K_pT389	P90RSK	P90RSK_pT359S363	PAI1	PARPCLEAVED	PAXILLIN	PCNA	PDCD4	PDK1	PDK1_pS241	PEA15	PEA15_pS116	PI3KP110ALPHA	PI3KP85	PKCALPHA	PKCALPHA_pS657	PKCDELTA_pS664	PKCPANBETAII_pS660	PR	PRAS40_pT246	PRDX1	PREX1	PTEN	RAB11	RAB25	RAB25	RAD50	RAD51	RAPTOR	RB	RB_pS807S811	RBM15	RICTOR	RICTOR_pT1135	S6	S6_pS235S236	S6_pS240S244	SCD1	SETD2	SF2	SHC_pY317	SMAC	SMAD1	SMAD3	SMAD4	SNAIL	SRC	SRC_pY416	SRC_pY527	STAT3_pY705	STAT5ALPHA	STATHMIN	SYK	TAZ	TIGAR	TRANSGLUTAMINASE	TFRC	TSC1	TTF1	TUBERIN	TUBERIN_pT1462	VEGFR2	EPPK1	XBP1	XRCC1	YAP	YAP_pS127	YB1	YB1_pS102	CASPASE3	CASPASE9	PARP1	JAB1	ARAF	ARID1A	BRAF_pS445	BCL2A1	BRD4	CABL	CASPASE3	CD26	CHK1_pS296	COG3	DUSP4	ERCC5	IGF1R_pY1135Y1136	IRF1	JAK2	P16INK4A	SHP2_pY542	CDC2_pY15	PDL1
AA	-0.329668947	-0.295009473	0.123630686	1.051064418	0.666138558	1.676800274	0.025618821	0.261002251	-0.374541002	-0.468861128	1.522919237	-0.380255723	-0.614907717	-0.36557294	0.37113529	-1.889961936	-1.317053172	-0.518008778	-0.244656445	-0.523736346	0.747090985	-0.428413355	-0.682104609	-0.194396858	2.329824641	0.363307134	-0.255983584	-0.083920754	-0.334165772	1.087865828	-0.230830449	-0.681302202	0.460153989	-0.027342295	-1.447489034	-0.726392138	-1.206908475	-0.213291909	0.623043132	-0.949272757	-0.242839724	-0.202050532	0.076883488	0.271988623	-0.026528562	-1.171992715	-0.146163075	2.071904685	-0.347006358	-0.308289667	0.845154842	0.531247251	1.487504002	0.480072149	-0.387157888	-0.25132261	0.286459551	-1.502267562	-0.721452851	2.59333802	-0.950874076	0.489463434	0.201767706	-0.494442937	0.206581174	-3.002154174	0.071427644	0.429112702	1.696829817	0.429769732	-0.40769433	0.62507725	1.72088456	-1.489719315	-0.457677503	0.549428618	-0.178376199	-0.095826571	1.863523164	-2.868407806	1.876710682	-0.238993842	-0.766235257	-0.062630418	0.570563752	0.155752709	-0.036954916	0.275321378	0.198987651	1.022054112	-0.028339117	-0.189820765	-0.836177422	-0.113237192	0.585986277	-1.458319278	-2.426985634	0.027439834	1.002820467	-0.220294749	0.246967528	0.560340247	-1.36936675	-0.312984101	1.070597109	0.986421297	0.568436944	0	-0.391010008	0.973733142	1.289591442	0.317477667	0.340198316	-2.681993186	1.08876376	-0.959282211	-0.189249	-0.4068191	-0.00158418	-1.901986207	0.827708242	-0.802494621	-1.276465338	-0.365011584	-0.160773163	-0.433126431	0.64664355	0.26595708	1.414868883	1.024770674	0.524550912	1.042859574	-0.306761429	-0.048266278	2.101738139	-0.149626689	1.523236129	0.760653095	0.636667559	-0.155510574	0.078618617	-0.252840519	-0.270117229	0.56880586	-0.080704274	0.914361337	1.618529189	-0.055789664	0.251439483	-0.372987181	0.517297278	-0.591610928	-0.776413583	0.368735495	-0.736578439	-0.455310891	-0.972484305	-0.215949542	-0.811054889	-0.043649135	-0.318478006	2.980883375	1.037044958	0.792788123	0.327620358	0.884786434	1.625905412	1.520867797	0.134928112	-0.338766261	0.857995879	0.457635069	0.299863909	0.002113081	0.019644695	-0.287049904	-0.293264155	-0.570008514	0.186338492	0.829146499	-0.646728433	-0.267456837	-0.325498932	-2.924539414	0.068943282	-0.323942755	0.858673534	1.316791525	0.251074134	-0.106740078	0.688582017	-0.504047099	1.227722736	-1.540755881	-0.130401235	-0.212069044	-0.008674055	0.002488143	0.452643	0.181333723	0.592059863	-0.156584537	0.725216529	0.261719976	0.318402664	0.843087513	-0.611127192	-0.269792404	1.112071344	-0.237780395	0.152020977	0.165538631	-0.180379933	0.208492081	4.053407823	0.442292773	0.21632176	0.360229736	0.235489261	-0.896666373	0.510896288	1.978361897	0.519361661
AB	-0.327332418	-0.36543769	-0.145727302	1.029225949	0.775161416	1.737112412	0.134320353	0.356555485	-0.539713932	-0.402061562	1.734319412	-0.502743787	-0.617115581	-0.277079524	0.452195572	-1.657022303	-1.139147689	-0.578565824	-0.040385986	-0.338343598	0.627753845	-0.430403549	-0.629825971	0.090926316	2.471505436	0.503006839	-0.326620311	0.040810633	-0.373353032	1.230394857	-0.191269456	-0.775986957	0.331854619	0.031317871	-1.470166562	-0.59118337	-1.05371163	-0.203330531	0.800571856	-0.940353736	-0.248029623	-0.183984437	0.161279063	0.291051639	0.028922935	-1.124955585	-0.173578846	2.152743364	-0.322487832	-0.577116974	0.577331674	0.401702859	1.590788305	0.443953903	-0.51542145	-0.379954241	0.298295894	-1.471465053	-0.746355954	2.733833036	-0.861719492	0.497819684	0.255103232	-0.494579366	0.259810032	-2.975400817	-0.154414944	0.427720081	1.775329393	0.606199944	-0.294308916	0.550477628	1.63978669	-1.532980537	-0.384053051	0.516647302	-0.167601535	-0.157911571	1.868321076	-2.893704994	1.838543249	-0.349509079	-0.636716909	-0.367089157	0.650931556	-0.356557593	-0.091472596	0.178183734	0.264381662	1.029683662	0.155886022	-0.101170262	-0.866063512	-0.102771712	0.494299309	-1.527580178	-2.231345636	-0.075205932	1.050602679	-0.084336727	0.243367408	0.587577212	-1.241277373	-0.337371441	1.20559946	1.121777425	0.601346371	0.040839548	-0.35266792	1.103747659	1.404944325	0.342027112	0.379504046	-2.594271069	0.602010707	-1.048414204	-0.141135981	-0.541818716	0.019893176	-2.006541731	0.949678088	-0.930332635	-1.235416086	-0.378576712	-0.137472063	-0.370838282	0.608300063	0.375045138	1.346962809	1.165713338	0.607448094	1.170471344	-0.275395932	-0.072771456	2.364270045	-0.140786401	1.682714064	0.48968605	0.722725471	0	0.075139645	-0.158108762	-0.12001627	0.599784238	-0.109385321	0.894928161	1.772398545	-0.007812932	0.265614617	-0.414197103	0.463151383	-0.751148931	-1.124894734	0.336720572	-0.716498768	-0.466550107	-0.957385345	-0.295612462	-1.05348482	-0.012087533	-0.291236798	3.194858035	1.203726957	0.729793255	0.380917126	1.026964006	1.585975784	1.428576837	-1.93E-05	-0.439282136	0.950787672	0.389568802	0.101136763	-0.002294489	-0.013871219	-0.326869349	-0.203375852	-0.349071404	0.316854005	0.705713388	-0.58800021	-0.413877198	-0.30978234	-2.85914238	0.115200189	-0.420992669	0.851564484	1.510736273	0.401333511	-0.095567957	0.822215261	-0.517927576	1.25699782	-1.58574606	-0.38011158	-0.236486451	-0.045531215	0.131429896	0.567556062	0.377709635	0.863059266	-0.018564596	1.599561541	0.115133008	0.355290046	0.732884449	-0.553246179	-0.487890692	1.363922973	-0.041068061	0.180063779	0.032075025	-0.052224652	-0.038649972	4.055274967	0.220254012	0.105332724	0.159351676	0.180864748	-0.69004342	0.431307728	2.112527197	0.432761076
AC	-0.406082896	-0.446038835	0.111523761	1.062671405	1.131740557	2.022005795	0.083091121	0.168984368	-0.556536884	-0.695179018	1.49362259	-0.489669903	-0.83986615	-0.44368392	0.488032379	2.229968291	1.631665988	-0.634643359	0.02467392	-0.757971716	0.702845297	-0.593749197	-0.783479131	-0.14660822	2.362636234	0.527891876	-0.352741281	0.117328287	-0.488014865	1.123037556	-0.215713523	-0.866764957	0.460220101	-0.064437861	-1.40955799	-0.634969836	-1.30617877	-0.280912026	0.752146699	-1.08216557	-0.487854165	-0.347802445	0.47879476	0.242888597	-0.065477251	-0.997891188	-0.228782016	2.054136768	-0.555790199	-0.353223693	0.780431585	0.598936468	1.478103474	0.314445705	-0.440721462	-0.424817185	0.165337648	-1.467470501	-0.726308791	2.765660562	-1.083670116	0.374866904	0.145493927	-0.608504087	0.028807412	-3.448460327	-0.009237177	0.243988286	1.775941324	0.118743352	-0.431922467	0.735772148	1.642038282	-1.733807523	-0.698987385	0.535465352	-0.236621048	-0.097146768	1.776835079	-3.178728226	1.766816656	-0.311787337	-0.868140822	-0.40587975	0.354759771	0.06290152	-0.239670589	0.138305619	0.886798039	1.554698703	-0.093052036	-0.389564441	-0.970710192	0.048494556	0.454897245	-1.638381714	-2.277317146	-0.165931219	0.823585713	-0.374189792	0.114851987	0.553465391	-1.45203884	-0.289116645	0.84726115	0.987285492	0.557335459	-0.091336119	-0.503793718	0.826725725	1.341204218	0.246619164	0.593169464	-3.015392963	0.672346397	-1.100553548	-0.164624918	1.076827269	-0.081921942	-2.212490715	0.755099016	-0.941114803	-1.099205142	-0.387034564	-0.247144892	-0.300858357	0.471804987	-0.512130145	1.221585074	1.227067845	0.439140633	2.074980459	-0.328041926	-0.091208103	2.174249807	-0.226746573	1.43747555	0.689280918	1.076804393	-0.128231621	0.04749947	-0.252204397	-0.235683381	0.50374196	-0.13450346	0.799319325	1.605562347	-0.052326915	0.157744385	-0.474366401	1.205135585	-0.715864114	-0.806175959	0.31627781	-0.840854816	-0.450038169	-1.15243374	-0.217022822	-1.157548302	-0.047029396	-0.240372822	3.186197048	0.963346945	0.569694105	0.911331787	0.903501745	2.598063725	2.439251323	0.046278485	-0.403225553	0.730059355	0.344543394	0.434809309	-0.118355915	-0.117552818	-0.461483563	-0.391508247	-0.593712649	0.096619378	0.668860424	-0.905207892	-0.209826669	-0.325435378	-3.082433918	0.031527693	-0.238608222	0.613545709	1.233506188	0.250963479	-0.170805107	0.751647654	0.093207479	1.055164873	-1.703983361	-0.563403734	-0.379207803	-0.084636931	0.266180401	0.535774044	0.077944867	0.62877032	-0.182003601	0.926946603	0.027650352	0.261478414	0.77149266	-0.662146156	-0.159749785	1.177100101	-0.283396036	-0.013901479	0	-0.199220726	0.130876154	4.233861502	0.2518238	0.3408752	0.279448338	0.13519724	-0.6574507	0.126559611	2.010391023	0.48469767
AD	-0.370521242	-0.2902894	-0.101265575	0.964255912	1.123114216	1.839710678	0.19324627	0.196540268	-0.665490258	-0.603180383	1.400122325	-0.745096943	-0.884880178	-0.393951026	0.460501819	2.357902766	1.590216037	-0.631400889	-0.008682737	-0.859959784	0.631553547	-0.562591441	-0.662577691	-0.02774409	2.547040023	0.383832599	-0.359164397	0.110014268	-0.491754738	1.151291266	-0.047166073	-0.715718576	0.251059587	-0.043181166	-1.423061973	-0.648189501	-1.072274677	-0.209410601	0.992924377	-0.94958415	-0.378768052	-0.240824302	0.574794072	0.245957384	0.157421777	-0.933164395	-0.24244022	1.814067358	-0.456660538	-0.613732446	0.565519019	0.507327636	1.579404183	0.351337602	-0.641712513	-0.583385024	0.209557711	-1.486093119	-1.002210126	2.742986084	-0.930111811	0.314385755	0.263171793	-0.525644085	0.035731849	-2.611630915	-0.126835485	0.458065627	1.796384469	0.291906037	-0.305310864	0.591337592	1.436208866	-1.704992453	-0.524774498	0.430125596	-0.172610283	-0.17628759	1.62419195	-3.176607461	1.798881828	-0.382149384	-0.69358032	-0.54279278	0.446950284	-0.555082527	-0.118678287	0.115097011	0.871387148	1.566308922	0.078478985	-0.256662658	-0.935677156	0.070538316	0.409855835	-1.632375584	-2.261522137	-0.135829602	0.899347346	-0.237124978	0.206869398	0.571372143	-1.367225595	-0.417177803	0.934550097	1.129603824	0.507393362	-0.061641521	-0.396390623	0.981198063	1.264998022	0.159846735	0.585795655	-2.790905681	0.15856968	-1.022742291	-0.194680045	0.997645939	0.029369501	-2.16073051	0.795556966	-1.08020995	-1.224963415	-0.514397313	-0.224580916	-0.191554975	0.500000168	-0.399273391	1.301991881	1.248318358	0.397968897	2.126901324	-0.269619702	-0.084461942	2.381979131	-0.196639559	1.481172527	0.47550228	1.093935198	0	0.014502317	-0.280831802	-0.040211675	0.553360175	-0.138020476	0.878155217	1.562045499	-0.098680103	0.098648477	-0.440338278	1.066361722	-0.787431515	-1.064982453	0.272797101	-0.845882036	-0.525593578	-1.006354253	-0.269681377	-1.365378198	-0.024849694	-0.159575537	3.259304221	1.048948107	0.609236682	0.990763745	1.10429219	2.613290772	2.223858003	-0.043687857	-0.402035877	0.838243367	0.233108163	0.028723987	0.039840265	-0.049827677	-0.364165402	-0.332447136	-0.378341766	0.194560679	0.600953599	-0.789073622	-0.429850333	-0.179221235	-2.920234803	0.084881237	-0.336992469	0.715651023	1.345983065	0.271452124	-0.103324106	0.68017218	0.090581276	0.877967162	-1.551755658	-0.461023364	-0.352900996	-0.041687604	0.403200984	0.566472691	0.219962212	0.889282742	-0.094315626	0.947382052	-0.054275682	0.256714326	0.595118796	-0.656640328	-0.33480542	1.170310039	-0.031055574	0.150393418	-0.153569208	-0.017273178	-0.072925636	3.929970881	0.089948154	0.209587883	0.146418283	0.068565467	-0.596024157	0.099524933	2.122385525	0.371919257
AE	-0.716666845	-0.253297625	0.060604402	0.898673903	1.424396438	1.523298426	-0.144003201	-0.478005364	-0.116783211	-0.809048304	0.024835265	0.230418132	-0.708938017	-0.547887153	-0.359595715	2.263927968	1.533638071	-0.963498387	-0.722922606	-1.311983184	0.017066823	-0.542600862	-0.785784984	-0.252510746	1.846058178	-1.017703008	0.638610714	0.077429561	-0.471884802	0.75095403	-0.365898616	-0.652524001	-0.841268643	-0.669079149	0.275969541	-0.879477952	-0.095267739	-0.598487438	0.159344314	-1.094753747	-0.344797646	-0.43458781	-0.044528057	-0.151735034	0.362217443	-1.204067422	-0.039345591	-2.705797419	-0.513826778	-0.411272851	-0.646461251	0.273310557	2.09536467	0.327927287	0.76846487	0.580483889	0.17285037	2.019762085	-0.379386894	2.10093651	-0.729018788	0.620236845	0.285558478	-0.48905763	0.230135607	1.583774692	0.098473176	-0.258774394	4.085995863	3.406031807	0.834716063	0.476154869	1.299331199	-1.596440127	-0.544234891	-0.067194274	-0.290688377	-0.621767327	2.907634518	-4.325727347	1.602321282	0.205448	-0.342766083	0.770048413	1.26615232	0.391256682	2.091739115	0.337861143	1.362526259	1.740508734	-2.095798545	1.952885138	0	-0.321361019	-0.596493412	-1.396041357	-0.812532634	0.112943726	-0.463800138	-0.334968115	0.176572116	0.654225024	-1.735465646	-0.514174712	0.85085205	0.52245393	-0.375200773	0.044606067	-0.590834196	1.033861642	1.769905334	0.396321155	0.593889377	-2.838262849	0.310913417	-1.237326134	-0.33651997	-0.752531776	1.258067271	-0.362692305	0.446212599	0.225746159	1.363775404	-0.831364237	-0.245445808	-0.425175652	0.048021535	-0.481089493	1.362854304	1.191007325	0.033500879	1.533745981	0.84643123	0.380206471	-1.077986275	-0.226387098	0.459469044	1.179738488	0.583615103	-0.486619192	-0.353530316	-0.725886904	-0.93964673	-0.171978833	-0.654588987	-0.304815598	-0.836354619	-0.616187836	0.575682392	-0.586130339	1.467036977	-0.520116309	-0.863917285	-3.01792859	-0.701527435	-0.119004739	0.958706415	-0.240813484	-1.087262451	-0.084282788	-0.732081007	0.897454613	0.985457164	0.355479843	0.779833198	1.076125654	3.126604763	2.742636133	0.943414887	-0.494649447	0.153355587	0.681632621	-0.152681303	0.211604807	-0.372574734	-0.733797748	-0.238785213	-0.673717313	1.296570284	1.698463399	-0.203104744	0.067664623	0.187586271	-0.102817516	-0.145565841	-0.84871467	-0.545555205	1.183960248	0.091261823	-0.451292218	0.054867783	-0.236058844	-0.041252264	0.511244821	0.128023165	-0.064544823	0.313537009	1.095767886	0.107051451	-0.14108051	0.620255402	-0.045520789	0.10761194	0.352540581	0.112806402	0.89024478	0.232362177	-0.648006973	0.850742554	-0.203665009	0.130406268	-0.106248797	-0.061006568	0.457469497	1.171984581	0.70007426	-0.217497128	0.067258938	0.18876933	1.032401467	1.064635135	1.940405908	-0.26496392
AF	-0.668008951	-0.290279195	-0.05823374	0.915414632	1.426602652	1.794068563	0.053053389	-0.525529148	-0.209134769	-0.714123056	0.542344116	0.24461724	-0.762308365	-0.471753103	0	2.392356478	1.687854915	-1.068250686	-0.50519716	-0.980152279	-0.089128563	-0.460716243	-0.821722973	-0.278191518	2.16299049	-0.8924186	0.602328531	0.376113637	-0.621264641	0.889339708	-0.144042955	-0.684407447	-0.823908003	-0.332166173	0.350592913	-0.754560531	0.169716771	-0.531349105	0.235304408	-0.979267331	-0.305894074	-0.315623003	-0.007113512	-0.055823287	0.598449044	-1.079226285	-0.203953423	-2.887802663	-0.508078256	-0.68885315	-0.760702851	0.138613993	2.229631237	0.287670028	0.418328687	0.313573882	0.153620419	2.311152573	-0.224855179	2.300185111	-0.625389033	0.597451282	0.277833877	-0.532702853	0.128322354	1.541353787	-0.025689671	-0.330030765	4.297144608	3.734134419	0.900779341	0.428990683	1.290538877	-1.352001614	-0.572187541	-0.168535392	-0.229343758	-0.745806033	2.860865951	-4.158336052	1.440401525	0.111896078	-0.273771446	0.146763612	1.476969175	-0.391844575	2.014278118	0.245423638	1.430199704	2.092626269	-1.759668048	1.78811948	0.045620782	-0.17190012	-0.685570252	-1.615567982	-0.883275811	-0.036735218	-0.442905091	-0.376318769	0.169031751	0.562006041	-1.56586671	-0.493618604	0.908497219	0.57288812	-0.287977473	0.169877496	-0.597317544	1.228620575	2.015689118	0.347618781	0.604548375	-2.803805987	0.057538573	-1.247660715	-0.348583872	-1.042974999	1.380937774	-0.377956589	0.399881042	0.183523474	1.356844226	-0.848674915	-0.319945227	-0.539215243	0.076669061	-0.370699429	1.251074235	1.408294934	0.142910466	1.635223927	0.861586017	0.255839845	-1.147340998	-0.190107911	0.504028961	0.711099848	0.769011593	-0.435183149	-0.306642605	-0.856928023	-0.59374651	-0.111278032	-0.576027752	-0.547190329	-0.948333808	-0.645885855	0.589623269	-0.576328345	1.795493899	-0.584795813	-1.059212469	-3.301614173	-0.825485249	-0.210636863	0.79282448	-0.420138344	-1.402315839	0.02359945	-0.611197129	0.649817855	1.264831959	0.41210876	0.785711797	1.096972785	3.15839267	2.64072406	0.810990669	-0.549844505	0.108848978	0.59643705	-0.066860569	0.004101599	-0.479163516	-0.742318931	-0.147215019	-0.46002353	1.441365952	1.776527795	-0.276993466	0.018624024	0.231884286	-0.21544733	-0.142995401	-0.598920968	-0.503012969	1.440444153	0.366962657	-0.521571683	0.20173611	-0.159489717	0.216299874	0.58312236	-0.565533394	-0.225114867	0.274309388	1.307870181	0.15852803	-0.012564946	1.039784198	-0.115512699	1.093210646	0.053625011	0.080586465	0.913249432	0.292598005	-0.927516023	1.080930636	0.002812222	0.061332897	-0.357023318	-0.056654253	0.252014703	0.926571853	1.136490834	-0.380433426	-0.020451455	0.037209491	1.457408063	1.036600283	1.901792475	-0.342037756
AG	-0.643718367	-0.255370977	-0.032598438	0.892539951	1.516185613	1.675888186	-0.070831183	-0.642715351	-0.095857138	-0.379562554	0.306643282	0.463652301	-0.759232554	-0.596573918	-0.270633506	3.401904104	2.680189586	-1.195488162	-0.542056516	-1.016855302	-0.025568627	-0.494756208	-0.778802308	-0.287924292	1.915529057	-0.861930528	0.530495623	0.628562881	-0.528297468	0.717873088	-0.216148423	-0.655758525	-0.738885517	-0.387685596	0.112416966	-0.85256934	-0.132534236	-0.501036135	0.578994769	-1.015458727	-0.388021112	-0.41582726	0.280055903	-0.212901013	0.490586045	-1.037747825	-0.058586602	-2.737709082	-0.431954563	-0.271039373	-0.709050338	0.638982812	2.131149223	0.375409622	0.599804343	0.223375523	0.071319343	2.080231528	-0.433069157	2.134647536	-0.907985196	0.51464464	0.289429288	-0.469497576	0.210557475	1.456774235	0.086951902	-0.309540796	4.043629441	5.294542093	2.394424342	0.612579498	1.274225929	-1.614981108	-0.49273583	-0.224043383	-0.42162345	-0.609614185	2.984106407	-4.298237896	1.572969394	0.067159226	-0.417545271	0.540543183	1.09725911	0.218433989	0.991499269	0.287319023	1.386037445	1.822693447	-1.838390318	3.88884786	0.039046984	-0.05447493	-0.604241174	-1.402033088	-1.011744715	-0.050166474	-0.469418852	0.231043465	0.095810051	0.511744409	-1.524269818	-0.568328726	0.929797189	0.393346799	-0.040441999	0.09138744	-0.575677632	1.161075738	1.673794494	0.277588742	0.638554248	-2.875323274	0.048388106	-1.248762391	-0.345941947	-0.390861544	1.103480491	-0.295081409	0.539229443	0.245687638	1.163928877	-0.831729094	0	-0.259011878	-0.034202393	-0.297493922	1.298236138	1.138770254	0.017609503	2.098176819	0.803092659	1.25557847	-1.136713205	-0.163888581	0.262560868	1.123265356	0.80609494	-0.483154847	-0.489854828	-0.818431018	-0.730532426	-0.152694142	-0.782952536	-0.5463838	-1.043535882	-0.624009782	1.338011975	-0.628964132	1.550694598	-0.508620061	-0.74237063	-3.072922901	-0.685959859	-0.350156585	0.697835964	-0.220539916	-1.295942954	-0.240257185	-0.746026053	1.302456479	0.928692038	0.356610488	1.012338708	1.071499129	3.783920763	3.190341115	1.050201978	-0.515051842	0.099762962	1.801532852	-0.078392684	0.192912265	-0.385485606	-0.650078525	-0.233165409	-0.57862156	2.400072342	1.593230448	0.312948309	0.063456784	0.123323954	-0.24152878	-0.102384853	-0.740390645	-0.495211936	1.015726957	0.002826092	-0.545783739	0.166079627	-0.079521511	-0.089069444	0.325977343	-0.239991067	-0.024223914	0.257553535	0.873000425	0.061834171	0.570988498	0.61854247	-0.2535121	1.123799392	0.271750953	0.159278834	0.844850423	0.338648123	-0.198583818	1.040053215	-0.360531047	0.052858169	-0.186628624	-0.26936752	0.331518317	0.86855195	0.622049897	-0.127190186	0.10830373	0.21527057	0.864113313	1.844391189	1.777128537	-0.317394924
AH	-0.483351063	-0.247533819	-0.218012572	1.069648104	1.741081176	1.761791565	0.155427989	-0.8542583	-0.144657978	-0.19046866	0.988894495	0.284741418	-0.670760075	-0.560272	-0.022104083	3.637652705	2.775889661	-1.181639511	-0.366066441	-0.739504528	0.013708464	-0.345715366	-0.625598094	-0.119424143	2.240021196	-0.565656445	0.605306743	0.714379277	-0.494289639	0.794903958	-0.028652502	-0.656054191	-0.767713293	-0.275574811	0.225680076	-0.55601736	0.035872714	-0.399252931	0.511436098	-0.865858408	-0.259838456	-0.21861572	0.217328028	-0.020823204	0.82479867	-0.895339392	-0.017234949	-2.528515806	-0.176840515	-0.454022162	-0.6769184	0.201515184	2.347526689	0.506418812	0.489741926	0.17175358	0.381713589	1.841023201	-2.102304109	2.760407609	-0.815201501	0.607537666	0.491957027	-0.5028327	0.403550441	1.352128546	-0.043312119	-0.245147754	4.379536863	1.064564361	-0.052072369	0.522194791	1.292550925	-1.353003478	-0.430243518	-0.316848478	-0.34163256	-0.45283772	3.078051525	-4.235370134	1.680334567	-0.022884454	-0.227287111	0.289313174	1.730859874	-0.25295785	0.742251858	0.310633034	1.522219716	1.865681867	-1.347609136	-0.016440891	0.341004531	0.040198446	-0.477903472	-1.559265768	-0.865909563	-0.359898729	-0.140046712	-0.209516455	0.117596116	0.565550947	-1.746589315	-0.405526042	-0.525511543	0.396496663	0.002721174	0.147792797	-0.299035561	1.670179895	2.150713523	0.382906241	0.741913433	-2.498869558	0.024866989	-1.074153559	-0.062175542	-0.959894046	1.173808461	-0.211498755	0.846699558	0.38340481	0.84305858	-0.687375186	-0.100772343	-0.208904288	-0.012338082	-1.079885693	1.414694667	1.372271677	0.202222992	2.08617428	0.895500569	1.181069801	-0.979944831	-0.137216449	0.354819524	0.954958208	1.161224452	-0.326006146	-0.366860611	-0.821077451	-0.226833619	-0.036933449	-0.601857487	-0.493525098	-1.426904393	-0.444444472	1.307976544	-0.27276532	1.618838359	-0.392696851	-0.920372528	-3.032919675	-0.645498978	-0.179466839	0.675631498	-0.382406983	-1.326068802	-0.108830104	-0.54143674	1.225636173	0.840310062	0.513015153	0.89448536	1.531421774	4.133308145	3.310490602	0.835560341	-0.29184568	0.129271155	0.06131112	-0.329653318	0.273379096	-0.30904527	-0.615778411	-0.141383431	-0.173925603	-0.631001656	1.45490513	-0.441293823	0.087412677	0.321511748	-0.386116996	0	-0.663661641	-0.510971237	1.094107809	0.478554237	-0.087233777	0.379522547	0.004492703	0.204340136	0.200832273	-0.400762321	0.080447321	0.181862185	1.161083321	0.167582683	0.608714372	1.025114351	-0.347640789	1.789792912	0.061785317	0.155734294	0.667651101	0.243277488	-0.681417955	1.173691321	-0.205123871	0.261888442	-0.339239288	-0.213011135	0.116767437	0.551904336	0.858225528	-0.281540974	0.02546219	0.173926988	1.327846655	0.343665981	1.920300904	-0.33925241
AI	-0.481350889	-0.100087584	-0.163825549	0.527006794	0.549210379	1.202329232	0.059327237	-0.437962895	0.00838909	1.486212265	1.373466445	0.805533836	-0.665815369	0.186118807	0.229218955	3.421920987	3.070538062	-0.951171279	0.163378316	1.428145397	-0.514476102	-0.640467031	-0.471835669	-0.248978217	1.552839361	-0.536482052	1.075298452	0.346686344	-0.251591458	1.387478655	-2.155487113	1.182742714	-0.498501682	-0.039676435	-2.43626445	-0.367796491	0.803035245	-0.420034786	-0.009457071	-0.750783198	-0.609141233	0	1.160850164	0.5389912	0.442376149	-0.117580086	-0.053461576	-3.797855352	-0.27144247	-0.14502318	-0.745703066	0.566245143	2.729779633	0.59542546	1.10976408	-0.336177195	0.033815832	-1.596817133	-0.832766829	3.184143775	-1.12281082	0.597652491	0.925391154	-0.26351964	0.103604308	-3.263030334	0.587734081	0.628989741	-0.650483268	-0.222818418	-0.250763703	0.254486934	1.374719283	-1.533045887	-0.425122139	1.193877147	-0.347337186	1.257627218	1.040693272	-4.695395907	1.926405204	-0.240277084	-0.383813722	-0.004684998	1.282255933	0.501791781	4.719780406	0.875764438	2.299583773	3.031541737	-1.868809501	-0.010840728	-0.986852644	-0.042889742	-0.461997778	-1.371042587	0.138000933	-0.006542561	-0.744798266	-0.395971886	0.346866145	1.29120353	2.987904429	-0.271907243	-0.492494404	0.907989454	-0.183539348	0.279561751	-0.347192644	-1.76769244	-0.93190671	0.220850888	0.46435709	-2.419962975	0.250958038	-0.87801855	-0.104847433	-0.189555136	-0.169796103	0.413296668	1.710685238	-0.845629221	-0.260600072	-0.193938346	0.088517199	-0.128720006	0.756845231	-0.420038477	-0.440279169	-0.547323408	0.819086129	0.973312244	0.262760411	-0.530080483	-1.11017465	0.01121882	-0.435653007	1.150369988	-0.676485342	0.246915668	0.639338915	-0.818148174	-0.309004237	0.796984115	0.761711246	2.520710219	3.224339863	1.31612819	1.65378412	-0.438383443	1.020273143	-0.23719924	-0.771950232	-3.457369741	-0.758269893	-0.523987446	-1.066354948	-0.112232916	-0.302267393	0.122225863	1.191895134	5.225777978	1.8190455	0.417971447	0.054779661	1.243507128	2.382183387	2.79122989	1.061349168	-0.400295084	-0.326906973	-0.010607569	0.081081551	0.17891387	0.56420916	-0.133189442	-0.337487218	-0.5692707	1.774946547	0.371489373	-0.927840698	-1.568065487	0.564523407	-2.872757045	-0.668303635	-0.584826762	-0.347123891	1.806553479	0.304163988	0.043707689	1.197914007	0.625316649	-0.362666728	-1.788942074	-0.010087942	0.224620051	-0.829411821	-3.432455814	-0.147050887	-0.318216619	0.422370871	0.132771573	1.706226089	0.023543189	0.062829706	1.740408462	0.585747108	-0.516770492	1.592861434	0.112258817	0.378758988	-0.085517836	0.079382833	0.119708242	-0.460300429	0.755752429	-0.2293958	0.494990501	0.473314946	-1.062907249	0.248436177	2.535738312	-0.455139187
AJ	-0.514831564	-0.278491259	-0.350834806	0.458458035	0.81974933	1.149901501	0.048614753	-0.403535581	-0.003813746	1.443983583	1.509916311	0.800909586	-0.684302597	0.348698992	0.333473015	3.724308712	3.042409129	-0.949828128	0.105011451	1.489969516	-0.530728049	-0.60001339	-0.266524733	-0.240513036	1.654768526	-0.574432624	1.022177052	0.394718742	-0.307713398	1.468883668	-1.972289971	1.107849604	-0.455996001	-0.051996492	-2.556066742	-0.350502736	0.921867328	-0.322588937	0.178843923	-0.627663855	-0.476722144	-0.023589296	1.224145176	0.712726179	0.640542983	0	-0.068151136	-3.47659807	-0.054117794	-0.171669016	-0.63295515	0.620872563	2.861081941	0.672629311	1.013056519	-0.330014318	0.115568272	-1.685567499	-0.894027209	3.117848281	-1.10323284	0.693604137	1.022806748	-0.161726821	0.202281966	-2.970042855	0.497659078	0.908068098	-0.792618538	-0.221466357	-0.219524799	0.233312398	1.220520388	-1.676666502	-0.267379624	1.251755003	-0.324348132	1.155066275	0.943621149	-4.480835475	1.9188079	-0.332873803	-0.253108953	-0.370973308	1.412674763	0.19786778	4.768942537	0.885239392	2.344089191	3.146718198	-1.698344493	-0.224164902	-1.030564476	0.079014776	-0.350761764	-1.274241821	0.315870971	0.001813528	-0.630056759	-0.26217011	0.491865303	1.267307304	3.331512301	-0.270147473	-0.464787016	1.091008995	-0.068009314	0.383556074	-0.295973574	-1.428557962	-0.974113459	0.307769586	0.476095154	-2.499894014	-0.283724001	-0.808654633	-0.100395097	-0.252139881	-0.124951244	0.417632069	1.81819516	-0.942106187	0.13736422	-0.145522229	0.193687247	-0.085655477	0.832756619	-0.318010356	-0.585595934	-0.578723298	0.827623616	1.060575837	0.360592562	-0.488110302	-0.981859562	0.115066138	-0.286593507	1.094312523	-0.611952697	0.354370255	0.608863621	-0.924049076	-0.069220117	0.838791913	0.88378208	2.443591198	3.279064351	1.305066629	1.819186773	-0.328399336	1.070790136	-0.325159593	-1.015796773	-3.092874309	-0.781412676	-0.472772985	-1.111039711	-0.114498572	-0.51377094	0.181003584	1.179103275	5.504304022	1.999584491	0.309282111	0.127165786	1.403051701	2.426448139	2.69278473	1.28633842	-0.397367753	-0.410629717	-0.094900691	-0.159850785	0.302730675	0.580055204	-0.128861469	-0.218778497	-0.39843341	1.994058759	0.361464178	-1.133196392	-1.75047224	0.655341759	-2.752863599	-0.469918867	-0.571036171	-0.37709365	1.900321335	0.334423073	0.056580941	1.133337158	0.697038375	-0.460608379	-1.790382933	-0.109707504	0.24370958	-0.821869804	-3.554672949	-0.058265205	-0.11916839	1.592245798	0.398919549	2.63450133	-0.126407847	0.133683851	1.72691044	0.551196662	-0.610140514	1.783019686	0.268787828	0.441019809	-0.195910532	0.251690731	-0.043911147	-0.709118066	1.066053395	-0.254482827	0.392545945	0.554363292	-0.970877663	0.191781395	2.725702274	-0.525565817
AK	-0.466030745	0.488900964	0.308209319	0.765624843	-0.281705815	-0.409857791	-0.872769897	-0.360370926	0.067900908	-0.091508562	1.264629878	0.287886024	-0.309623072	0.383138403	-0.421424621	1.147969257	1.072809311	-0.574618302	0.355755513	-0.011121837	0	-0.153061295	-0.360701416	-0.008051544	2.031794861	-0.645938407	0.511434266	-0.220530434	-0.004729121	0.861840588	-2.030697369	1.577356295	-0.13385847	0.124338377	-3.279854445	-0.30882005	0.945629806	-0.396623512	-0.438230467	-0.489606477	-0.326240381	0.197946418	0.29738704	0.41612994	0.006957285	3.72530832	0.331317558	-3.852385335	0.005914801	0.215533252	-0.448208232	0.416760115	2.778679517	0.79265948	1.337552791	0.515771528	-0.241613298	-1.125220884	-0.094840063	3.298341792	-0.974288136	0.849634127	1.434466298	0.354636595	-0.390740596	-3.087709646	1.08354897	-0.813192335	-0.350524376	-0.228261663	0.035874597	0.700896629	0.134532005	-1.244763072	-0.360396955	1.18000285	0.062199884	0.833528141	1.210327541	-4.462809337	0.921677722	-0.249529636	-0.952557752	0.458562223	0.14879402	1.350865877	3.872715085	1.099889068	0.33316094	1.259452361	-1.562124541	-0.167285756	-1.077970063	0.09853551	-0.2502782	-1.179804107	0.560519276	0.295963749	-0.453493211	-0.323898673	0.108046509	1.489407046	3.272373173	0.062000057	-0.679534658	0.716239308	-0.123386842	0.176738907	-0.124196512	-1.506479354	-0.885314218	-0.286648985	-0.542220101	-2.187658426	-1.375230685	-0.524361188	0.213556281	-1.748757308	-0.756251363	0.71428293	1.111115971	-0.636645892	-0.931872133	-0.019362408	-6.34E-04	-0.449447935	1.12490666	-0.75054443	-0.096309543	-1.19643428	-0.200290156	0.502659431	0.097604137	-0.879963481	-0.745323733	1.230427653	-0.399663555	1.824111365	-1.931738518	0.134075547	0.179176147	-0.756985172	-0.499331535	0.928345535	1.048884094	2.468688178	2.683771968	0.727776073	0.86456566	-0.072965023	0.10373698	0.213757962	-0.673066125	-3.507232399	-0.387245568	-0.325542373	-0.636914902	-0.139825269	-1.159697726	0.192525206	0.073497194	3.097246941	0.785047696	-0.160161514	-0.237190203	1.213996282	0.430002217	0.803896324	1.212632301	-0.16677914	-0.075897096	0.255427068	-0.21699751	0.165503366	0.189142116	0.130304899	0.028179791	-0.37952447	1.062730355	-0.69833815	-0.934217643	-2.285575089	1.147233785	-2.560570774	-0.338602678	-0.240155752	-0.044328584	2.095184258	0.261028887	0.298193006	0.35010871	0.121566779	-0.129299438	-1.393037721	0.104220271	0.36434032	-0.425684718	-3.437492701	-0.059809338	-0.547304725	0.520591711	-0.309669317	2.346074493	0.420614907	-0.067778814	2.010175902	-0.205251072	-0.064374348	1.924059221	0.193705074	2.028097695	-0.022061356	0.273398966	0.244830102	-0.120303346	0.225236024	0.080381565	-0.193974487	0.624141847	-0.753583795	0.035674827	1.627670494	-0.006606416
AL	-0.454903465	0.306647896	0.100715011	0.71617239	-0.069205294	-0.612763383	-0.84181725	-0.497089575	0.061729174	-0.070926225	1.20159677	0.269894605	-0.326806427	0.528682019	-0.567376373	1.197762552	1.006047566	-0.736938484	0.194179914	-0.203670246	-0.054122749	-0.161703604	-0.183878505	0.114931234	2.117728772	-0.824492684	0.636297417	-0.238467251	-0.095556181	0.812188163	-1.663459951	1.583328551	-0.263648414	0.15959247	-3.715719331	-0.324141539	1.056249089	-0.40098333	-0.08708811	-0.382235507	-0.369705959	0.263582096	0.279765125	0.41211016	-0.00132446	3.8937774	0.330405426	-3.225854722	0.132817761	0.198177834	-0.269301908	0.329500533	2.80586242	0.804641082	1.330784701	0.671913909	-0.351140854	-1.304486937	-0.004738195	3.176920603	-0.995939696	1.006167645	1.343521712	0.275245917	-0.357152307	-2.544447207	0.928712899	-0.597885385	-0.343761702	-0.18338718	0.032408148	0.455793606	-0.019815152	-1.343534373	-0.071930118	1.058133099	0.139979128	0.908860302	1.142773435	-4.327026321	0.918322129	-0.508102297	-0.847032533	0.149615849	0.065522443	0.86623124	3.812824718	1.089491034	0.292558507	1.039558013	-1.114871542	-0.284749407	-1.082034407	0.099798102	-0.123251974	-1.126335098	0.621959148	0.330806154	-0.397640452	-0.20315165	0.218144537	1.469172132	3.407153784	0.016467854	-0.64547017	0.816904855	-0.102014984	0.218480293	-0.134258343	-0.9277908	-0.949600035	-0.214899566	-0.460655707	-2.228543983	-2.212892226	-0.508507087	0.220009728	-1.941846659	-0.71375364	0.670275173	0.978053235	-0.739636257	-0.64351129	-0.093966281	-0.105299226	-0.350267827	0.981899124	-0.780376133	-0.442288188	-1.458002806	-0.335905955	0.557391565	0.113537143	-0.831284734	-0.597402213	1.552306169	-0.101851513	1.640498126	-1.835448768	0.046740953	0.043544403	-1.065323261	-0.515800276	1.007997788	1.043362967	2.416176123	2.799135998	0.77027934	0.942376112	-0.048803738	-0.033155142	0.132965695	-0.896329822	-3.112247043	-0.489209328	-0.224874589	-0.858190605	-0.192566051	-1.098052619	0.17425827	0.094179435	3.049191612	0.941093945	-0.266302441	-0.127365164	1.333980652	0.451028933	0.818378582	1.394243697	0.020823772	-0.160992088	0.170525118	-0.503624131	0.268154673	0.104291691	0.181805578	0.143062054	-0.111397255	1.079288099	-0.684864464	-1.071972352	-2.199809994	1.160085491	-2.533455708	-0.283447955	-0.309566719	-0.278078878	2.173317822	0.207183598	0.334399243	0.297499505	0.130814755	-0.39872287	-1.26084787	0	0.412302914	-0.452768329	-3.409182123	-0.048316258	-0.383167787	0.22173183	-0.195770381	2.743254223	0.261635244	0.029410767	1.955323903	-0.136826043	-0.268452952	2.04541355	0.285319291	1.99286506	-0.237067082	0.394967931	0.187989673	-0.230312951	0.281534415	0.016648317	-0.255320958	0.732227668	-0.94791095	0.031428466	1.481933738	-0.267622852
AM	-0.775705212	-0.545210395	-0.018885493	0.985182388	1.20393488	2.025414927	-0.022891717	-0.086282508	-0.323698089	-0.338268269	0.890824988	0.412760659	-0.760667587	-0.336378601	-0.185621307	0.867052631	0.335373286	-0.237692416	-0.315332615	-0.540149553	0.025999004	-0.368908847	-0.370699606	-0.28796548	1.628016543	-0.243995489	0.203979172	-0.0393093	-0.33581598	0.512414408	-0.484949505	-0.808212541	-0.340838155	-0.344558919	-0.148113708	-0.929513067	0.104472704	-0.644769189	0.73773015	-0.745572702	-0.364746435	-0.425548807	0.167611555	-0.091613895	-0.299143972	-0.886901568	-0.357953779	0.935879286	-0.444746618	-0.468030827	-0.133033312	0.154510412	1.048595337	0.167472617	0.348334935	-0.092789829	0.168785745	0.634449988	-1.892307532	2.648324578	-0.701564007	0.291801946	0.075968541	-0.231532788	0.139047159	1.256493401	0.204842405	0.535570133	1.90985134	2.236094817	-0.251211237	0.447955829	1.407424903	0.837989713	0.002954649	0.46234635	-0.544286444	-0.679077868	2.704983448	-2.760594192	1.290195589	0.05268641	-0.682665518	0.718136659	0.718250259	0.283269553	4.369635322	0.103608541	0.667141981	1.130482037	2.619844962	2.281150088	0.587644994	-0.365349557	-0.25770263	-1.592944241	-0.843646178	0.358420245	0.298831544	-0.349228768	-0.189705937	0.448680036	-1.260050162	-0.718585279	-0.182505836	0.473896296	-0.593792395	-0.161262044	-0.645870978	0.369283123	0.931043997	0.558784691	0.269990893	-2.574239395	0.105807812	-1.170074075	-0.410006148	0.388415367	0.097957654	0.086996848	0.845094184	0.010817641	0.895981191	-0.481646623	-0.384495116	-0.377863241	0.029172962	-0.363377975	0.559270811	1.028672588	1.658597289	1.79003828	0.28593135	-0.014262381	0.483778716	-0.360947228	0.827739726	0.492311154	0.51684616	0.07301977	0.250402639	-0.591988983	-0.600372452	0	-0.288335233	0.047686862	0.104655702	-0.380948891	-0.169241057	-0.13138207	1.336777759	-0.206696725	0.026736103	0.305918918	-0.826774191	-0.302269883	0.61689647	-0.497681784	-1.22463351	-0.324244723	-0.673083752	2.388036499	0.841262251	0.251798431	0.046171914	0.748491293	2.004455927	1.647237426	0.090477957	-0.606938998	-0.113033372	0.33448789	0.002866595	-0.081642942	-0.236119757	-0.578898581	-0.283904464	-0.696003331	0.130547176	0.907774187	-0.780785295	0.392104662	-0.625304434	-0.722089479	-0.318228091	-0.750799635	-0.493358734	1.999518799	-0.139071823	-0.329222281	0.475818467	-0.41008645	0.133734518	1.852887128	-0.137978109	-0.294480282	-0.171640809	-0.180070816	0.154064252	0.488908545	0.181447133	-0.024239145	0.344485412	0.197769611	0.088821	0.304893855	-0.372528913	-0.455394563	0.346922342	-0.429549319	-0.082803205	-0.281601016	-0.473108251	0.171334992	1.98293152	0.613429564	-0.444968091	-0.097960234	-0.18845113	0.683149727	0.424674385	1.544898746	-0.300103596
AN	-0.566184504	-0.276268016	-0.086971225	0.960223328	1.015082681	2.097176851	0.113014379	-0.06503134	-0.191856171	-0.1355928	1.341297704	0.543042396	-0.690722773	-0.112418483	0.247951153	1.069617841	0.503664605	-0.23356067	-0.219807552	-0.535844781	-0.008272266	-0.258406947	-0.390637194	0	1.969736935	-0.091720905	0.381951218	-0.139344088	-0.36382102	0.56553133	-0.444482407	-0.903635764	-0.446168325	-0.165279626	-0.050277725	-0.743500759	0.187676046	-0.518201224	0.749843464	-0.684182847	-0.303849835	-0.361528405	-0.163510414	-0.007605913	-0.218172356	-0.743217495	-0.248334669	0.912528012	-0.393893254	-0.450000303	-0.119560272	0.080672264	1.205051853	0.15738204	0.242075459	-0.008753168	0.267084916	0.829181323	-1.453173931	2.683233284	-0.776603317	0.483358778	0.154393976	-0.24624982	0.204527035	1.164230169	0.203822624	0.609587831	1.909850536	2.387782623	6.70E-05	0.359332897	1.318464172	0.966241199	-0.10144553	0.303061933	-0.448413172	-0.64655799	2.758878013	-2.837805474	1.376034561	-0.157831707	-0.552706563	0.644973251	0.744876788	0.04655375	4.634729949	0.171106026	0.731466353	1.297383809	2.875839643	2.368575603	0.672666154	-0.008776417	-0.213543046	-1.538825009	-0.726114535	0.431964151	0.426875035	-0.182405064	-0.147572765	0.407596848	-1.22531051	-0.500829166	-0.112915005	0.398187522	-0.453192502	0.046881232	-0.550120406	0.740536549	0.932275568	0.192593667	0.463323882	-2.400653648	0.262885574	-1.028864891	-0.182523222	0.578703068	0.033142332	0.081003222	0.881922308	-0.027740838	0.897320882	-0.455756327	-0.231396946	-0.288837637	0.010903842	-0.204506604	0.594032103	1.215758757	1.597715482	1.700073182	0.293403596	-0.008432965	0.61938308	-0.169335817	0.693117315	0.28844081	0.494129947	0.074935544	0.225343261	-0.574666201	-0.392365689	0.180497064	-0.162031715	0.065807797	0.272369444	-0.28664459	-0.118370451	-0.020142721	1.39984892	-0.2812434	0.337779044	0.217776974	-0.863297427	-0.352591445	0.703230791	-0.438568663	-1.27328927	-0.227332008	-0.350919581	2.351325788	0.966673882	0.432334669	0.378707144	0.675813472	1.955845159	1.738033161	0.175717907	-0.549165793	-0.042835592	0.420011946	-0.184388296	-0.096978066	-0.275597248	-0.351893244	-0.125353667	-0.52232332	0.231631772	0.85088787	-0.657958498	0.40822601	-0.664035682	-0.66420292	-0.428927033	-0.655934888	-0.317973058	1.94676218	0.040855731	-0.258471312	0.634207799	-0.278872118	0.350081457	2.409252936	-0.306348372	-0.203474974	-0.091226753	-0.169053196	0.145936613	0.674940429	-0.404379865	-0.148681568	0.815242428	0.222198858	0.045253272	0.390409769	-0.069506819	-0.635200618	0.415764674	-0.239343178	0.001817227	-0.186540361	-0.439239919	0.146503496	2.211789801	0.421951681	-0.294030535	-0.073136994	-0.034703447	0.980042045	0.507383433	1.389967203	-0.158034778
AO	-0.574136641	-0.376459075	-0.333090614	0.606662051	1.014315284	2.16766151	0.08289416	-0.119753516	-0.129561949	-0.177257525	1.274913711	0.38610558	-0.702652343	-0.175103564	0.239011062	1.140921108	0.392828544	-0.191107566	-0.23616348	-0.533915147	-0.098716437	-0.216359777	-0.345655841	-0.065157566	2.042649501	-0.194559203	0.350015492	-0.203775181	-0.405180578	0.603082208	-0.447010783	-1.027007631	-0.54164013	-0.170167258	-0.101764105	-0.804141848	0.071714909	-0.443100829	0.880665156	-0.672930481	-0.358283653	-0.309553949	0.077717984	0.098326956	0.045107903	-0.699768039	-0.309440887	0.818679373	-0.296371952	-0.441165134	-0.251812939	0.198115219	1.220493823	0.238059385	0.122313257	-0.071922216	0.177039257	0.897534739	-1.602499723	2.759420491	-0.821659913	0.439612224	0.176078143	-0.354236765	0.114503725	1.032953533	0.113686124	0.634672905	2.029401862	2.301941099	-0.059122966	0.308810466	1.384884148	1.067586457	-0.03359421	0.218262508	-0.445852646	-0.71411404	2.651571315	-2.738461663	1.356863437	-0.080530584	-0.504781749	0.532702012	0.761102578	-0.244581507	4.654658379	0.058578107	0.80459918	1.21142838	3.078078972	2.396494818	0.785957859	-0.151134196	-0.14742609	-1.548833758	-0.636379575	0.451196378	0.398735567	-0.195872637	-0.093555659	0.314340051	-1.160190222	-0.512808581	-0.086907705	0.350519933	-0.455995363	-0.023401171	-0.565011492	0.890276043	0.973604702	0.444917037	0.482849675	-2.415185463	-0.164202337	-1.055243111	-0.212991426	0.545927321	0.112577084	0.028821715	0.795053907	0.071377375	0.744594803	-0.449566825	-0.201610464	-0.221001112	-0.10045052	-0.271701342	0.624213832	1.457080251	1.611831974	1.664384206	0.409810172	0	0.628393253	-0.106289681	0.765175471	0.185792803	0.492594902	-0.003325418	0.099098551	-0.63868201	-0.393572986	0.172644766	-0.043890744	0.016222239	0.248322606	-0.233401237	-0.174366551	-0.099398116	1.083887506	-0.45492252	0.208540277	0.206358572	-0.856460093	-0.227832767	0.580201854	-0.402268212	-1.261492731	-0.270182687	-0.469411364	2.439022513	0.989597016	0.366307578	0.380641719	1.006919973	2.028811036	1.614380037	0.154846696	-0.557341569	-0.189155275	0.404243389	-0.722601337	-0.03930004	-0.288451984	-0.47552326	-0.119929907	-0.421503275	0.32019987	0.92544293	-0.600562503	0.365687471	-0.614536975	-0.742562911	-0.363246688	-0.633151031	-0.346738407	1.865936075	0.055872643	-0.300587947	0.595061276	-0.268309834	0.370012252	2.410503807	-0.3769804	-0.190537877	-0.041131162	-0.148567564	0.019476961	0.786811144	0.022778967	-0.122187884	0.850481713	0.170698853	0.062651386	0.297611246	-0.059256302	-0.573036579	0.390241256	-0.15216083	0.062992928	-0.415537412	-0.378215025	0.054200038	1.994577944	0.496682408	-0.371036343	-0.062115593	0.036200214	0.364719037	0.459478977	1.238144348	-0.27242549
AP	-0.545991848	-0.330047463	-0.236371726	0.76506028	1.073459845	2.02570884	0.1711255	-0.193513342	-0.179390699	-0.093542964	1.482376863	0.397127067	-0.753600883	-0.195862325	0.292711052	1.106981054	0.427479717	-0.138599431	-0.31331997	-0.504081123	-0.021002792	-0.085854678	-0.273865049	-0.008117237	1.89639918	-0.056992028	0.184290679	-0.107938318	-0.329763326	0.558063864	-0.436602389	-1.051476444	-0.548615565	-0.195143195	-0.100011778	-0.72304497	0.206287656	-0.411368571	0.745722898	-0.696499519	-0.250309786	-0.309982218	-0.107027589	0.038753294	-0.030397685	-0.678013155	-0.230249541	0.922772245	-0.30918639	-0.438671417	-0.158384494	0.186296026	1.137469737	0.210846416	0.265748632	-0.116252628	0.138990444	0.805246913	-1.410890116	2.809496275	-0.796836668	0.425802092	0.148735751	-0.294492351	0.231699466	0.949430523	0.104404335	0.593698406	2.006522988	2.346019242	0	0.167847514	1.451477205	0.904852051	-0.09359485	0.323503374	-0.421099339	-0.680211832	2.725850445	-2.701178021	1.37135863	-0.010118821	-0.441999583	0.591352954	0.707386463	-0.136407326	4.521174195	0.052536109	0.717462595	1.138647714	2.981952618	2.25065496	0.627602872	-0.01089148	-0.21645148	-1.434786174	-0.636538128	0.386911625	0.431425647	-0.109626528	-0.165490639	0.363422727	-1.146004004	-0.443278055	-0.007501053	0.384241303	-0.427340045	0.151517956	-0.525705229	0.786799721	0.923307693	0.329659651	0.495670336	-2.310853594	-0.05713249	-1.076660706	-0.147263981	0.67166445	0.07622624	0.153047092	0.782059872	0.031536161	0.603773586	-0.455361394	-0.175260767	-0.314357737	-0.094985337	-0.243276859	0.616704352	1.340500295	1.584152635	1.60648331	0.300181426	-0.053230955	0.568275503	-0.016115837	0.669923635	0.199339159	0.461755076	0.077956674	0.193117102	-0.622334634	-0.423451752	0.202832848	-0.154200648	0.039445221	0.363366251	-0.253712765	-0.095004783	-0.047815904	1.110424701	-0.211005543	0.332715377	0.156367258	-0.814436443	-0.239930086	0.615202194	-0.389075477	-1.409373694	-0.211083596	-0.46564423	2.257283203	0.876161007	0.39436662	0.434643163	0.850802249	2.016906802	1.712379829	0.192214394	-0.601627491	-0.042844333	0.323686313	-0.454069377	-0.058379722	-0.286424522	-0.353557368	-0.165721325	-0.420282328	0.307818511	0.91220506	-0.590590954	0.287611745	-0.489240099	-0.736401359	-0.450725074	-0.685501743	-0.309105853	1.961307551	-0.00342366	-0.247623702	0.529129686	-0.366536557	0.408797779	2.35552793	-0.397295229	-0.151838072	-0.153495252	-0.176386065	0.111401036	0.719515408	0.214034497	-0.091254957	1.157959942	0.207854749	0.034989587	0.304667829	-0.131276307	-0.630961489	0.42428159	-0.133477498	0.087612997	-0.329546997	-0.336903956	0.101555052	2.014935679	0.341838141	-0.23465602	-0.154039675	0.004224037	0.270317203	0.439628562	1.195255281	-0.178486374
AQ	-0.682406126	-0.537261298	-0.127653993	0.611883004	0.917525703	1.90359381	-0.006950157	-0.191885551	-0.264059756	-0.230295016	1.47138703	0.267874905	-0.763027456	-0.248189066	0.542095465	1.170822038	0.454405401	-0.357441421	-0.258706497	-0.389666614	1.46E-05	-0.315124146	-0.338572571	0.005277918	1.953783759	-0.355955623	0.120916124	-0.150916935	-0.174727014	0.484254373	-0.501217325	-0.978082692	-0.531289487	-0.17696003	-0.050690264	-0.767557869	0.349632476	-0.509183918	0.899389001	-0.754320965	-0.521943874	-0.458458039	-0.208900711	0.072660621	-0.089095329	-0.878928293	-0.407181343	1.137356901	-0.33920703	-0.544378209	-0.252084682	0.151277743	1.076140478	0.030309954	0.238869192	0	0.260143739	0.898397291	-1.755860677	2.872639901	-0.903261522	0.295508792	0.139396023	-0.293056298	0.196458931	1.215254148	0.286291283	0.569908407	2.061383025	2.333380273	-0.04308169	0.380554053	1.490425933	0.957586635	-0.090667014	0.408795885	-0.542902163	-0.720844858	2.496004018	-2.817162463	1.301993752	-0.240841609	-0.639800373	0.570463276	0.646862967	0.222484256	4.87076782	0.124252641	0.750813794	1.373874206	2.839829417	2.312420949	0.593312948	0.02690722	-0.202494809	-1.536007728	-0.71601393	0.413301652	0.40826407	-0.198006759	-0.143984725	0.256945204	-1.257692084	-0.670446486	-0.118269172	0.400040467	-0.538595246	-0.089538817	-0.566482855	0.622521913	1.016151274	0.461518352	0.420229129	-2.256355355	0.15755928	-1.092199184	-0.348906931	0.579712629	0.05784171	0.066551078	0.782545826	-0.063827963	0.641013401	-0.435558567	-0.224852697	-0.308109202	-0.356119814	-0.378742021	0.63768391	1.385610047	1.567004167	1.677755439	0.269726856	-0.033516703	0.462835241	-0.271371729	0.630399677	0.265869411	0.427643247	-0.022303869	0.159661283	-0.719710828	-0.925919432	0.086215062	-0.320771636	0.026035058	0.175272568	-0.259271146	-0.150107502	-0.176621627	1.380479905	-0.327785291	0.285777834	0.266394033	-0.782213231	-0.281924574	0.498174337	-0.570490971	-1.44933337	-0.198057474	-0.556771258	2.150105361	1.066884564	0.446444044	0.307392033	0.696913471	2.023757871	1.577910632	0.06023658	-0.717524811	-0.112720146	0.340606797	-0.289464335	-0.248358287	-0.413839845	-0.374391757	-0.170268365	-0.564725793	0.246097679	0.869506003	-0.580393166	0.300422888	-0.661654907	-0.758867007	-0.399271722	-0.592978782	-0.342290403	2.198015325	-0.011442274	-0.304177062	0.425275995	-0.440960464	0.366536403	2.538926371	-0.386373503	-0.282670865	-0.279062309	-0.079967307	0.088056377	0.766273297	0.912979742	-0.470942623	1.078303086	0.206840648	0.117719374	0.258443609	-0.318314101	-0.664706363	0.486407435	-0.406881148	0.076562836	-0.302944223	-0.31683219	0.04215252	2.307769739	0.633741832	-0.482772334	-0.046976298	-0.021616252	1.127424959	0.369483932	1.293980977	-0.360753271
AR	-0.553424428	-0.304236497	-0.360972543	0.817268659	1.06572457	2.02026663	0.137376678	-0.121193133	-0.099718004	-0.074151617	1.497937724	0.467608302	-0.694444256	-0.074303826	0.349768617	1.104395831	0.452325615	-0.228434676	-0.233788845	-0.429913645	-0.019811427	-0.178787583	-0.374787908	0.043901679	2.028503316	-0.230604934	0.186494697	-0.051127241	-0.312098027	0.555065491	-0.291510438	-0.970627038	-0.585599515	-0.068404222	-0.162401619	-0.780198333	0.333750959	-0.386016535	0.840243846	-0.619040642	-0.270556533	-0.371266344	0	-0.017709101	-0.030235321	-0.59790978	-0.314208323	0.752870074	-0.340042445	-0.426183705	-0.202265284	0.162777413	1.201892175	0.167428154	0.082817247	-0.088333746	0.151353292	0.775916154	-1.384360182	2.72867628	-0.822300493	0.506641467	0.121337977	-0.389610784	0.133432952	1.068339958	0.058499173	0.641221841	2.005624137	2.305491948	-0.131277724	0.28465405	1.381208626	0.960568304	0.015372076	0.271340065	-0.439042694	-0.643963977	2.600403028	-2.720475713	1.371218341	-0.065965486	-0.400553887	0.505207246	0.639298402	-0.358734523	4.61646074	0.03412308	0.704051847	1.2508352	2.918786836	2.304840447	0.667467264	0.027932825	-0.215113281	-1.427208877	-0.674366575	0.439227851	0.358363367	-0.18101325	-0.074009751	0.318202072	-1.176933018	-0.486418314	-0.032729532	0.425793642	-0.467489627	0.202050929	-0.472514223	0.871625357	0.99927483	0.329026653	0.475279763	-2.298440593	-0.061102805	-0.908219272	-0.217216292	0.524168368	0.0830547	0.105336376	0.8182359	0.056348888	0.853032975	-0.48752494	-0.1269904	-0.203951255	-0.059896437	-0.252212135	0.607712807	1.158729302	1.667542048	1.665172506	0.343559179	0.016573992	0.583676804	-0.16806227	0.708933606	0.227478333	0.527073725	-0.015984212	0.153531314	-0.558875656	-0.4372383	0.153720829	-0.107723895	0.106265859	0.223400113	-0.159614502	-0.159828626	-0.03975156	1.414636821	-0.316957129	0.30038913	0.139829829	-0.838309074	-0.270279776	0.526903713	-0.394086214	-1.470812051	-0.227399939	-0.434179726	2.252583907	0.991844252	0.366728801	0.301771089	0.68392969	1.907397844	1.636799804	0.193065262	-0.542723172	-0.002905597	0.390827227	-0.167733702	-0.177418683	-0.317727093	-0.346341446	-0.056623288	-0.397502147	0.328004116	0.871258876	-0.59518628	0.264562033	-0.50704567	-0.752205818	-0.433306217	-0.62413911	-0.333560231	1.991283137	-0.005696356	-0.242928984	0.626462334	-0.310293077	0.372527289	2.389085741	-0.372062734	-0.161469547	-0.153312097	-0.185918001	0.129609906	0.631613502	0.195423886	-0.208089225	1.167974554	0.18636427	0.031706497	0.260758751	-0.218130942	-0.683950268	0.491720916	-0.251347392	0.099271416	-0.524122034	-0.493071084	-0.055669638	2.055333254	0.442006621	-0.313746844	-0.166758362	-0.107177425	0.694961557	0.406432683	1.354710738	-0.191879419
AS	-0.553266464	-0.399754256	-0.290911974	0.900834137	1.03983736	2.285125051	0.175363065	-0.160683494	-0.249804193	-0.097407499	1.598771129	0.478316424	-0.759030327	0.062152926	0.420764594	1.135354677	0.432497893	-0.237950407	-0.237666011	-0.358331376	-0.068854759	-0.174584026	-0.393524952	0.02622385	2.190036205	-0.150949972	0.364171218	-0.072923282	-0.328032933	0.603432761	-0.333480172	-0.910623719	-0.576373809	-0.159305112	-0.010501838	-0.714677967	0.213442654	-0.490746127	0.858627438	-0.649353614	-0.309384038	-0.341050138	-0.054215115	-4.49E-04	0.010752864	-0.638892397	-0.347052606	1.027741418	-0.413763748	-0.445802192	-0.229856149	0.132960871	1.180671182	0.18325279	-0.06716044	-0.059241413	0.209714883	0.966448882	-1.389354237	2.758832416	-0.806856883	0.577956335	0.132686047	-0.345272441	0.186435394	1.084848137	0.075661694	0.704704423	2.173806276	2.40537347	-0.038645288	0.260195022	1.423573877	1.027493402	-0.074417271	0.222707364	-0.387422372	-0.744958089	2.787611159	-2.739080297	1.327050291	-0.196023912	-0.529752694	0.29830727	0.764247173	-0.750252863	4.75037366	0.113260039	0.708055715	1.297865739	3.255151833	2.419774395	0.753484004	0	-0.211758473	-1.494187427	-0.626636318	0.428058937	0.408118972	-0.144674857	-0.068629878	0.327489714	-1.287000125	-0.509736047	-0.092452183	0.427133409	-0.416298055	0.069689778	-0.576259129	1.043787856	0.961709719	0.467868118	0.52602148	-2.407094162	-0.204714935	-1.050014599	-0.161124221	0.483169604	0.065725692	-0.019598413	0.808726774	0.020749906	0.989516412	-0.504595227	-0.186608815	-0.317235234	-0.110436491	-0.194650289	0.54528507	1.48901386	1.635340893	1.627386529	0.332249114	-0.002646652	0.71722544	-0.006220355	0.710209921	0.029103608	0.537034071	-0.052127976	0.114281108	-0.65566728	-0.39361041	0.152651011	-0.139674062	0.027857404	0.242183775	-0.306043259	-0.172074063	-0.039707295	1.228109685	-0.515206155	0.275104431	0.15265151	-0.868410466	-0.214586775	0.479689058	-0.478393632	-1.593656835	-0.32079459	-0.421216322	2.354050989	1.273827962	0.293744289	0.382473112	0.996535756	2.107220562	1.75058773	0.203882788	-0.5517533	-0.234210561	0.366853125	-0.307674321	-0.102161334	-0.308315784	-0.444831207	-0.070586552	-0.243653899	0.276960976	0.914405656	-0.620768003	0.410369854	-0.579875615	-0.79730921	-0.4337546	-0.610984977	-0.331447116	2.020551784	0.048401363	-0.317251417	0.670230766	-0.135944576	0.340402838	2.643531971	-0.560605499	-0.220076534	-0.146035218	-0.045873018	0.19662213	0.802793006	-0.22097776	0.13737	1.669774144	0.140057786	0.105963039	0.339403146	-0.069651862	-0.777339015	0.620678797	-0.103564435	0.019812451	-0.534189758	-0.265790893	0.020380384	2.041146942	0.72617364	-0.326807067	-0.16781687	0.038329332	0.194077911	0.477244304	1.219444684	-0.342891034
