	X1433EPSILON	X4EBP1	X4EBP1_pS65	X4EBP1_pT37T46	X53BP1	ACC_pS79	ACC1	AKT	AKT_pS473	AKT_pT308	AMPKALPHA	AMPKALPHA_pT172	AR	ASNS	ATM	BAK	BAX	BCL2	BCLXL	BECLIN	BETACATENIN	BID	BIM	CJUN_pS73VGBL9029825	CKIT	CMET_pY1235	CMYC	CRAF	CRAF_pS338	CASPASE7CLEAVEDD198	CAVEOLIN1	CD31	CD49B	CDK1	CHK1	CHK1_pS345	CHK2	CHK2_pT68	CIAP	CLAUDIN7	COLLAGENVI	CYCLINB1	CYCLIND1	CYCLINE1	DJ1	DVL3	ECADHERIN	EEF2	EEF2K	EGFR	EGFR_pY1068	EGFR_pY1173	EIF4E	ERALPHA	ERALPHA_pS118	ERK2	FIBRONECTIN	FOXO3A	GAB2	GATA3	GSK3ALPHABETA	GSK3ALPHABETA_pS21S9	HER2	HER2_pY1248	HER3	HER3_pY1289	HSP70	IGFBP2	INPP4B	IRS1	JNK_pT183Y185	JNK2	KU80	LCK	LKB1	MAPK_pT202Y204	MEK1	MEK1_pS217S221	MIG6	MRE11	MTOR	MTOR_pS2448	NCADHERIN	NFKBP65_pS536	NF2	NOTCH1	PCADHERIN	P27	P27_pT157	P38MAPK	P38_pT180Y182	P53	P70S6K1	P70S6K_pT389	P90RSK_pT359S363	PAI1	PAXILLIN	PCNA	PDK1_pS241	PEA15	PI3KP110ALPHA	PKCALPHA	PKCALPHA_pS657	PKCDELTA_pS664	PR	PRAS40_pT246	PTEN	RAD50	RAD51	RB_pS807S811	S6	S6_pS235S236	S6_pS240S244	SHC_pY317	SMAD1	SMAD3	SMAD4	SRC	SRC_pY416	SRC_pY527	STAT3_pY705	STAT5ALPHA	STATHMIN	SYK	TUBERIN	VEGFR2	XRCC1	YAP	YAP_pS127	YB1	YB1_pS102	X4EBP1_pT70	ARAF_pS299	ANNEXINVII	ARID1A	BRAF	BAD_pS112	BAP1C4	BRCA2	CD20	CYCLINE2	ETS1	EIF4G	FASN	FOXO3A_pS318S321	FOXM1	G6PD	GAPDH	GSK3_pS9	HEREGULIN	MYH11	MYOSINIIAPS1943	NRAS	NDRG1_pT346	P21	P27_pT198	P90RSK	PDCD4	PDK1	PEA15_pS116	PI3KP85	PKCPANBETAII_pS660	PRDX1	RAB11	RAB25	RAPTOR	RBM15	RICTOR	RICTOR_pT1135	SCD1	SF2	TAZ	TIGAR	TRANSGLUTAMINASE	TRFC	TSC1	TUBERIN_pT1462RV9029913	EPPK1	XBP1	ACETYLATUBULIN(LYS40)	P62LCKLIGAND	X1433BETA	X1433ZETA	ACVRL1	DIRAS3	ANNEXIN1	PREX1	ENY2	GCN5L2	ADAR1	JAB1	CMET	CASPASE8	ERCC1	MSH2	MSH6	PARPCLEAVED	RAB25	RB	SETD2	SMAC	SNAIL	AXL	MYOSINIIA	SLC1A5	GATA6	BRD4	CDC2_pY15	ARAF	BRAF_pS445	BCL2A1	BRD4	CABL	CASPASE3	CD26	CHK1_pS296	COG3	DUSP4	ERCC5	IGF1R_pY1135Y1136	IRF1	JAK2	P16INK4A	SHP2_pY542	PDL1
BA	-4.78E-04	-0.145120682	0.391508934	1.161950826	-1.081390634	-0.111206684	2.535169782	-0.076790239	2.551879371	1.802948364	-0.624198029	-1.551522683	1.300881372	0.705781758	-0.632000228	-0.318127209	-1.700861619	-0.098398426	-0.241819399	-0.08850456	-0.666509331	-0.727908888	0.782589507	0.185570116	-0.762275654	-0.350322706	-0.275532177	0.04063224	0.337132441	-1.532757014	-3.493232773	-0.044080933	-0.271984696	0.640564456	-0.176089749	-0.052517463	0.063710519	0.277911064	0.473914108	0.329502807	-1.1671577	0.991574938	-0.267902347	-0.464795514	-0.794232477	-0.082822005	1.023170772	-0.878689589	0.72288553	-0.55477826	5.953602961	0.098716259	-0.01932786	0.432841864	-0.085215549	-0.640811269	-2.02902261	0.612913707	-0.50617221	0.707902503	0.377443842	1.532059088	3.838735209	4.775235331	1.070532003	1.019967841	-1.815108259	0.109339515	2.464535925	0.322611819	0.059040945	-0.015480173	0.235788864	-1.742345494	-0.327893858	-0.115265091	-0.22179078	-0.381183677	-0.191054408	-0.194040203	-0.132334295	0.592857711	-0.807373858	0.157952349	-0.854005698	0.384081073	0.110807079	-0.078656658	-0.166338465	-0.345293437	-1.225892668	1.493588658	1.693533141	3.569227172	-0.093803057	-0.946860203	0.135029247	0.453014567	0.22264714	-1.015588086	0.106452985	-0.754249385	-0.527629242	-0.405493431	0.735240519	1.271033002	0.538563757	-0.553666747	0.11265346	1.223009101	0.271321592	2.192706877	2.669488601	1.021831526	0.037328506	-0.326986561	0.18816751	-1.158442962	1.926958712	0.436579175	-0.730141461	-1.103175097	-0.171752055	-1.227213108	0.667024541	-0.74080702	0	0.358592445	1.033182383	-0.100310695	-0.105776188	0.012219264	0.296020003	0.005979966	0.225844336	0.49246975	-0.245814653	0.399539386	-0.494245199	-0.26131095	-0.163903399	-1.294650192	0.882600206	2.258760223	-0.048465869	1.207427593	-0.009041737	-1.84528369	1.968501683	0.064006952	-1.854818334	0.078860425	0.151242222	0.672227561	-0.780566879	-0.194124429	0.220263056	-0.131209112	0.157419116	-0.968504779	-0.87245153	-0.952548863	-0.064133163	-0.3029608	0.621446184	-0.550825647	-0.044083913	0.1535859	1.05934927	0.265158415	0.06745737	-0.566789769	-0.793216487	-0.835745761	0.01730967	0.074983501	1.045948877	0.996981297	-0.210151572	-2.222990346	0.357883276	0.065434204	-0.458212084	-0.282810875	0.212752285	-1.47971358	2.459015796	0.441661035	0.720946142	-0.495328913	0.62049723	-0.272667439	-0.137257218	-0.406878546	0.66266819	0.370923207	0.389807912	-0.045466899	-0.41616271	-0.040755982	-0.579206215	-0.086785499	-0.427068935	-0.055014866	0.522233993	0.829530922	0.138686634	1.537878279	0.605589865	0.28269318	-0.260518853	0.139348644	0.143283331	0.186570367	-0.256336902	-0.379338894	0.287440926	2.144390544	-0.133721419	0.120663022	-0.216814694	-0.218406067	0.008795447	1.545615966	0.212831234
BB	-0.189865633	0.321401501	0.287448069	1.766058933	-0.411656634	-0.873813967	1.426875182	-0.102629064	-1.851732625	-1.915088548	-0.233906068	-0.68959174	-0.968173451	2.111703742	0.596929566	0.053975238	-0.736473602	-0.741262887	0.116562269	-0.0379125	-2.122618708	-0.71657009	-1.28718067	0.403228803	-0.955444605	-0.067642992	0.2927602	0.526232255	-0.03310751	-1.72851756	1.749975849	-0.452941349	0.945266295	0.578631657	-0.289016619	0.113470216	-0.679874598	-0.233765575	0.20458809	-1.531189024	-0.432609785	1.816726719	0.008127623	-0.455714175	-0.732343066	-0.093939277	-4.086584399	-0.931266787	0.076662992	1.725080624	0.309976148	-0.248009842	0.144211531	-2.172548991	-0.469127731	-0.566620303	-2.141851813	-0.217955442	0.521915149	-0.875182458	-0.050776185	0.179817695	-0.539071007	-0.143477386	-0.864628602	0.011359474	-1.998526249	-2.297413637	-0.582110228	1.472754756	-0.167194388	0.028556574	0.608200766	-1.400816815	-0.074580032	1.581149722	1.041112629	1.928706361	0.787864133	-0.255253287	-0.084150368	0.09917894	-1.099831066	0.868751129	-2.250198401	0.566175987	-0.358446483	-0.512267575	-0.215384068	0.311677245	0.128427729	2.054235565	0.072192482	1.220601745	0.119591951	2.107915603	1.378957384	0.62675848	-0.24259179	-0.216189602	0.633657415	1.401699065	1.250512656	-0.201031708	-0.454044565	0.190974116	0.164585071	-0.366115663	0.356253668	2.54306745	0.843428539	1.2617197	1.340340306	-0.056231204	-0.05115709	0.135397139	-0.193703103	-0.673962298	0.140051116	0.707646491	-0.713140628	-0.672578953	0	-4.380091903	0.671843668	0.910593388	-0.448068707	-0.026028101	0.218912298	0.017212748	0.249200772	0.207142216	-0.218247716	-0.348629176	0.080127857	-0.809704918	-0.40031794	0.743891903	-0.49863371	-0.143644485	0.199806429	0.005578383	1.095112066	1.217137098	-0.388461723	1.174408122	-0.290594675	-1.421565851	0.521598428	0.714130794	-2.08146296	0.632772611	0.017190257	-0.219085246	-0.13928495	-0.399805565	-0.578399663	0.630148358	-0.23044533	-1.16609313	-0.441390424	-0.238114141	-0.601959942	-0.54785031	-1.403554068	0.008046316	0.306999448	0.628519204	0.679977103	0.134168	0.030899315	0.180384123	-0.367221399	1.414153735	-0.10696076	0.264071763	-0.307358441	-3.809739042	0.051553164	-1.56466592	0.502291757	-0.345633422	-0.216107332	-0.307678632	-0.22033206	1.061093876	-1.321654134	0.27632042	0.172277092	-0.888221742	0.095831837	-0.133068491	-0.260479907	-0.400326177	0.527287357	0.377044917	0.016101947	-0.512919585	-0.090152746	-0.203120328	-0.458219282	-0.190391473	2.987893088	0.442468185	1.621262186	0.240312704	0.816706015	1.703864814	0.449823191	-0.810913576	0.151219639	0.743502677	-0.160085922	0.011812323	0.06262313	0.037949879	-0.105035684	3.644054869	0.107693507	0.24682427	0.219829321	0.125673333	-1.58285955	0.522085974	0.948045204
BC	-0.084892889	0.774333408	0.443134546	1.715108678	-0.182940104	-0.507762198	1.268519127	-0.148791506	-1.11426606	-1.655253541	-0.043442461	-0.464576262	-0.743631755	2.371796526	0.777534951	0.189660038	-0.693962652	-0.518187789	0.097161709	0.053328234	-2.018525919	-0.611600326	-0.855785924	0.651356173	-0.471216778	0.073641828	0.365332626	0.363037394	0.628781747	-1.252659579	2.074316249	-0.172095847	0.696968463	0.639405396	0.006119842	0.249837031	-0.77175225	0.008169985	0.18090856	-1.389031779	-0.699009396	1.846055758	0.121073918	-0.421472288	-0.522350487	0.048863292	-3.269606963	-0.823371272	0.086016364	1.660022492	0.568897604	0.032574182	0.484012608	-1.901697229	-0.365538295	-0.614143849	-1.941849817	0	0.270756876	-0.451882328	-0.087644783	-0.112152287	-0.058743405	-0.195310706	-0.652068177	0.078108609	-1.718394572	-1.950349927	-0.339672342	1.383223074	0.023896945	0.116093106	0.392295135	-1.40329519	-0.280663239	1.68970022	0.982161524	1.945979915	0.746033559	-0.169109534	-0.154862048	0.329614893	-0.919275799	0.83563464	-2.01701435	0.684840312	-0.122907695	-0.387816981	-0.187453557	0.317093026	0.190200463	1.972827572	0.295486659	1.44408181	0.12567879	2.56754779	1.337583041	0.134905395	0.01140607	-0.187318543	0.707090876	1.207887668	1.28065817	-0.116944879	-0.280815833	0.058827907	0.259164621	-0.405576488	0.070872905	2.385670009	1.05278702	1.191819059	1.200000061	0.148972941	0.11445423	-0.047719577	-0.158600388	-0.419659792	0.057986891	0.589995269	-0.639676952	-0.849418974	0.022906755	-4.185322214	0.727613286	0.9527787	-0.563829755	0.045354801	-0.056586344	0.118617195	0.390879391	0.200773385	-0.341784513	-0.134820102	0.268328631	-0.773340411	-0.265287802	0.736974344	-0.344598055	-0.271948453	0.069665632	-0.373518429	1.016781737	1.125551234	-0.353925979	1.335176979	-0.275657881	-2.155884537	0.444083875	0.693430951	-2.004195279	0.363701743	-0.013802583	0.076522394	-0.121087134	-0.239040887	-0.291904677	0.284053846	-0.088358662	-0.948401562	-0.217414805	-0.0873242	-0.797192048	-0.356077679	-1.633157778	-0.021184033	0.261691895	0.850483519	0.702533976	0.128135529	-0.007933536	0.30348856	-0.366505389	1.323727838	-0.079572052	0.369046661	-0.193470756	-3.642983542	-0.517055085	-1.216607639	0.654578085	-0.009124409	-0.102709796	-0.244208827	-0.287033232	0.937043855	-0.88695232	-0.237622382	0.362758824	-0.400759361	-0.061532621	-0.252178575	-0.214960007	-0.481294314	0.766650558	0.575378246	0.25941069	-0.509893462	-0.073875095	-0.122268065	-0.389868616	-0.224957041	2.865342718	0.137748901	0.913681948	0.450955553	0.612265612	1.750928584	0.437656527	-0.566968885	-0.174711699	0.747570044	-0.075361081	0.136323604	-0.129426804	0.043551893	-0.028860527	3.645354826	-0.216970557	0.282882563	0.207175543	-0.133410162	-1.287324386	0.448451898	0.846367737
BD	-0.180881303	0.445931583	0.861687831	1.862480719	-0.412289091	-0.931534732	1.112148035	-0.166708556	1.75843645	1.194556391	-0.270835219	-0.924911127	-0.814565277	2.070933659	0.381989319	-0.074199609	-0.852283384	-0.529154634	0.066827458	0.08188358	-2.137975432	-0.815974907	-1.121951987	0.67421627	-0.76367001	-0.124773704	-0.033405546	0.219747404	0.078395901	-1.569670408	1.955293895	-0.168971301	0.847696947	0.61176799	-0.073191876	0.112421601	-0.702959563	-0.126192017	0.092654099	-1.49508925	-0.359306432	1.683478937	0.01663902	-0.404340855	-0.748052435	-0.145892512	-3.963633783	-0.873886617	0.060130878	1.67134755	0.352413536	-0.291663696	0.129039796	-2.095566723	-0.520770639	-0.6052601	-1.858535502	-0.184165976	0.409608228	-0.823780039	-0.185057267	0.737791582	-0.514110514	-0.201246619	-0.749789419	0.133699851	-1.862869321	-1.896237769	-0.496699826	1.372465529	-0.111312944	-0.019036918	0.533234119	-1.449384542	-0.190503396	1.410694834	0.897160837	1.848787765	0.797619496	-0.180477934	-0.093155001	0.378965597	-0.948764367	0.847718576	-2.200176616	0.657191571	-0.1551133	-0.376351762	-0.009191439	0.267613082	-0.55833383	2.118920288	-0.035505192	2.205899296	0.163821611	2.156400725	1.17366775	0.562142376	-0.253941945	-0.320989826	0.557563963	1.273655348	1.201970345	-0.120074219	-0.334194482	0.79603278	0.135527916	-0.521774472	0.415100698	2.274748798	0.702679775	1.994854764	2.015680855	0.129518277	-0.10286053	0.049906037	-0.055329671	-0.521972507	0.207646765	0.618968962	-0.626557645	-0.828255099	0.011341638	-4.003830874	0.477531489	0.950507339	-0.448002554	-0.027256696	0.34508943	-0.009036602	0.144400806	0.216542102	0.010869548	-0.188140819	0.223837816	-0.846253875	-0.318442687	0.684649573	-0.37434468	-0.17689227	0.058426492	-0.241651317	1.06645637	1.069091723	-0.139166999	1.071348801	-0.190864504	-1.600121828	1.241703124	0.770599787	-1.958815082	0.674288265	0.087082705	1.165749986	-0.074414097	-0.306628482	-0.439961421	0.905034701	-0.153651163	-0.944422571	-0.443656843	-0.308727763	-0.409304062	-0.401266922	-1.249321549	-0.083547843	0.253408752	0.544927925	1.210285335	0.24107711	0.100944887	0.091984898	-0.44957042	1.132936127	-0.308238637	0.215979141	0.785410205	-3.351052417	0.10076949	-1.585912015	0.554279286	-0.151343991	-0.268377803	-0.211489654	0.027807304	0.827154791	-1.244084553	-0.094655412	0.144924424	-0.792169942	0.357330539	-0.065002682	-0.273780509	-0.326416374	0.531707256	0.35506599	0.059584193	-0.478155241	-0.128776233	0.01385935	-0.592289836	-0.052729063	2.83781183	0.424021476	1.319373476	0.483891656	0.654887506	1.760203134	0.374704207	-0.650656596	0.030141535	0.474589582	-0.116098081	0.173754378	-0.016012874	0.036869778	0	3.46206334	-0.545447307	0.620765795	0.201465864	0.027576647	-1.074702044	0.590816755	0.884306055
BE	-0.174530126	0.590603237	0.727527869	1.713786439	-0.292260208	-0.793255108	1.182641737	-0.032306214	1.831546782	1.713265845	0.007190154	-0.756121563	-0.767023153	2.32409799	0.520197526	0.047440018	-0.753723079	-0.607299723	0.074504848	0.008076307	-2.040940559	-0.603988796	-0.969061603	0.832153181	-0.457766245	0.04677172	0.154917274	0.201350969	0.715987162	-1.471776072	1.935538209	-0.32924582	0.731391152	0.510879515	0.020015361	0.174231798	-0.84409741	0.065332646	0.096133124	-1.503722714	-0.601079887	1.781583598	0.002595715	-0.407165383	-0.597307421	0.058427682	-3.186508029	-0.818545624	0.121089326	1.66716589	0.470535453	-0.105364949	0.22764549	-1.850413338	-0.498324596	-0.589956167	-1.977312185	0.060773156	0.179257393	-0.588721728	-0.177256953	0.649660332	-0.076097099	-0.135020971	-0.613931645	0.074723052	-1.697258944	-1.875466951	-0.278420294	1.458524674	0.133807313	0.183709731	0.300801888	-1.201937076	-0.322250597	1.674251265	1.054007815	2.073281539	0.806902965	-0.146712109	0.023820584	0.61522991	-0.986937836	0.936307445	-2.007882024	0.603684611	-0.196526516	-0.52433427	-0.162561549	0.298342188	-0.603926009	1.951499474	0.291944055	2.535950573	0.121613586	2.735243635	1.379154188	0.033495034	0.131251714	-0.231690319	0.695979745	1.265417877	1.305686715	-0.058704483	-0.316327447	0.700076961	0.192769794	-0.497181161	0.04231358	2.313307642	0.956928821	2.142076923	2.085149319	0	0.060385936	-0.121112342	-0.113435444	-0.367881229	0.20353291	0.594587916	-0.6223629	-0.882439815	0.005000648	-4.18422176	0.550089906	1.002583975	-0.599417279	-0.016143744	0.381394092	-0.054988367	0.403844323	0.252018015	-0.431320374	-0.143283066	0.247851686	-0.680794051	-0.217551695	0.723123668	-0.397454912	-0.511302984	-0.098283499	-0.40103522	1.005688178	1.133792216	-0.28838203	1.277441874	-0.287874549	-2.133017937	1.179802653	0.649250075	-2.158950119	0.224396258	-0.124668089	1.232818009	-0.193093262	-0.311876421	-0.343791619	0.568757956	-0.009052317	-0.973840453	-0.211404805	-0.06197605	-1.019250794	-0.374119279	-1.874188677	-0.080981792	0.157159711	0.775711998	1.40203142	0.055543199	-0.103787727	0.294545564	-0.333105068	1.209003828	-0.085360468	0.432296166	0.789501726	-2.657762757	-0.544955194	-1.575567033	0.66403131	-0.154857079	-0.315582975	-0.272272821	-0.243814321	0.639565788	-0.9657631	-0.746666291	0.247709327	-0.42271233	-0.081788881	-0.073834964	-0.19582192	-0.487952951	0.832406593	0.56428256	0.144711246	-0.500928239	-0.065253004	-0.200497605	-0.509062607	-0.231096737	2.635955867	0.129693989	0.582143207	0.458228875	0.212573076	1.79312797	0.395982714	-0.574653491	-0.347778795	0.456889237	-0.130708714	-0.034468817	-0.251699641	-0.106120727	-0.067426102	3.578541172	-0.219265611	0.571962207	0.092794862	-0.373889628	-1.200019949	0.290087788	0.752584536
BF	-0.332508091	0.16038682	0.978514437	1.464106981	-1.245232255	-1.339366176	0.094523202	-0.454266174	1.732916841	1.130441308	-0.763278077	-1.287861015	-1.294931106	1.898632568	-1.192049281	-0.242368	-0.907724167	-0.982950521	-0.802310225	-0.114056004	-0.625869388	-0.770507363	-0.317709144	0.070895415	-0.855717931	-0.144923943	-0.215108875	0.15578684	0.115762966	-1.700975387	-3.172378553	-0.216427995	-0.593126487	0.11186429	0.064793367	0.059975288	0.360273928	0.658092517	0.100947479	2.008306821	-0.113261665	1.201127684	-0.524747004	-0.012143486	-0.831032289	-0.156470737	0.22407432	-1.029537158	-0.690891584	4.028167263	3.47726736	1.013265091	-0.08316637	-1.942161885	-0.599581021	-0.553787365	-2.312481106	0.205333217	1.342924717	-0.12792564	-0.029297258	1.352255996	-2.152818298	1.533245295	-0.038602775	0	-1.992793521	-1.083760502	0.626461312	-0.005412627	-0.199786975	0.030560417	0.425990961	-1.595936046	-0.099083855	1.326196969	0.45811645	0.42063157	0.184624192	-0.347247603	-0.059667607	0.35978182	-1.237128149	2.218698437	-0.995796319	0.193635036	0.048623278	-0.743447006	-0.243548778	-0.168480841	-0.625868227	2.010616791	-0.32233597	1.730345257	0.430029685	-1.309102043	0.136869597	1.282428545	-0.542309222	-0.942585105	-0.028977902	-0.638020633	-0.751176393	-0.523627725	-0.503460906	1.177411455	-1.850887872	-0.746885484	0.178933909	0.385523261	0.973851941	2.745572013	3.043727454	0.562882991	0.144608911	-0.184997696	-0.473408264	-0.424829318	1.284259145	1.750473972	-0.253861259	-0.398161731	0.694622495	-0.594493566	-0.156189655	0.166585828	0.208361054	0.400231839	1.219539438	0.163370918	0.08361474	0.319749731	0.196893054	-0.322605002	0.336462697	0.174454386	-0.080566567	0.777760327	-0.505376426	-0.077768697	0.262528	-0.581173812	0.77329189	2.395600987	0.191074834	0.82382613	0.45947051	-0.774972856	1.463884743	-0.192207348	-2.181555913	0.547258581	0.081178268	-0.325429763	-0.382346902	-0.395739975	0.441491444	0.558677261	-0.398242987	-1.043929739	-1.015761333	0.205346806	-0.113440731	-0.375244616	0.411120673	-0.180592876	0.478755724	0.375391025	1.058656526	1.00974968	0.116005588	-0.150503834	-0.778870442	-0.908815842	-0.279860254	0.060694009	0.321824768	1.052141788	0.462778382	-0.211132583	0.736348961	-0.393868501	-0.547447507	-0.260156218	-0.20825925	0.344314875	-0.972304963	0.106378678	0.806847296	-1.055841443	0.204275082	-0.219680837	-0.02532717	-0.478902396	0.63843938	0.846479686	-0.087092356	-0.160415401	-0.598999199	-0.167024386	-1.149316405	-0.038193045	-1.183611666	0.178795482	1.853145146	0.124895055	0.763315772	1.600609538	0.270677623	0.340076043	-0.119879504	0.874826107	0.011762012	0.153692082	-0.038078495	0.289139504	0.297807717	0.872480774	0.355187318	0.087047496	0.173643028	0.269735826	1.774040515	1.2770017	-0.16787664
BG	-0.220588576	0.511294133	1.262528331	1.795679241	-0.757001468	-0.871796532	0.397830539	-0.582450456	1.849939906	1.469015979	-0.445189572	-1.032027751	-0.913560718	2.101266397	-0.860653004	-0.055706316	-0.699616631	-0.46848033	-0.629675025	-0.093434341	-0.243390831	-0.630821443	-0.035621696	0.360120176	-0.415317762	-0.001907611	-0.101156296	0.120690619	1.189286907	-1.216532145	-1.911710145	-0.023886597	-0.404567166	0.591046562	0.356994382	0.323542534	0.144957609	0.864675898	0.06458566	2.037603627	-0.147447646	1.449062263	-0.091146328	0.077470649	-0.552971829	0.319999933	0.521778921	-0.746590502	-0.46411696	4.356385375	3.610874982	1.017675153	0.416011912	-1.537684701	-0.361855216	-0.570295415	-2.128468425	0.287514685	1.192051372	0.246268998	0.029306044	1.515698248	-1.439794859	1.757502585	0.287472629	0.209005051	-1.699726391	-0.978846109	0.878712794	0.233538708	-0.072169934	0.135347353	0.566640983	-1.360418115	-0.431842277	1.565831416	0.546556351	0.426196114	0.168834631	-0.153512027	-0.026154654	0.618898465	-0.974808308	2.42314895	-0.718454992	0.320730007	0.140048023	-0.548470557	-0.222754235	-0.071539185	-0.465311511	1.915687362	-0.09931168	1.9547908	0.493235612	-1.22234729	0.282409968	0.58189672	-0.31510061	-0.792874654	0.049109821	-0.609272066	-0.313303905	-0.382659737	-0.309119446	1.208763572	-1.742022163	-0.61536968	-0.085069941	0.461146296	1.170986908	2.784244498	2.854494639	0.550222457	0.072136436	-0.3299896	-0.260096099	-0.272134466	1.316735281	1.610721624	-0.178716805	-0.396363809	0.58686896	-0.678810127	0.088354299	0.532744818	0.133103925	0.568770581	1.087595517	0.175519528	0.29090878	0.38598065	-0.030477176	-0.07284501	0.580203815	0.416399008	-0.002758549	0.648484202	-0.269298108	-0.386247692	0.145078295	-1.124506059	0.781920646	2.310608657	-0.012830262	1.15382298	0.312473039	-1.793053003	1.582219975	-0.08610526	-2.257217559	0.13010348	-0.042861941	0.088947742	-0.265403594	-0.263394238	0.712304905	0.350794394	-0.202388569	-0.88422559	-0.591728588	0.387744934	-0.727696719	-0.365178761	0.31486421	-0.138223592	0.517588068	0.64441663	1.200160947	0.89312319	-0.004129457	0.130073391	-0.731775656	-1.044810532	-0.114874646	0.490024972	0.470535085	1.055107287	-0.424696276	-0.316101318	0.87887012	-0.042756949	-0.176158319	-0.293364341	-0.248325825	0.387985445	-0.57204718	-0.814912144	0.858215195	-0.44740264	-0.042564874	-0.23950891	-0.127809414	-0.475474115	1.194648536	1.167858326	0.147291118	-0.13840447	-0.612871197	-0.032735546	-0.805873698	-0.112584623	-0.963259232	0.157611157	1.216834849	0.221902581	0.803658837	1.519759828	0.380590711	0.478847991	-0.619777445	0.576820768	-0.119554551	0.100412951	-0.32460766	-0.041022955	0.27726201	0.797420131	0.55850255	-0.032313775	0	-0.197644234	1.313969047	1.230082595	-0.039660724
BH	-0.248476305	-0.007546305	1.105762305	1.541405814	-1.109445558	-0.902759384	0.17594764	-0.574749477	2.885801538	2.237324904	-0.802009187	-1.357936271	-1.054855031	1.682932119	-1.182050815	-0.048761754	-0.994834898	-0.563666213	-0.762341934	-0.229234847	-0.653505494	-0.917537335	-0.325393992	0.394454342	-0.891591391	-0.202489883	0.10614046	-0.058423876	0.483347603	-1.720005465	-3.164600381	-0.26529512	-0.631139401	0.844259592	-0.008489324	0.039749954	0.137955907	0.317782486	0.060859913	1.712665024	0.009606843	1.161685474	-0.416740264	-0.114264009	-0.832073855	-0.168978173	0.269686989	-1.116877062	-0.610768413	4.078148088	5.85174453	3.181084507	-0.053950001	-1.940257026	-0.476361183	-0.717674627	-2.426510119	0.156848366	0.88220864	-0.11330626	-0.144144767	1.410502578	-2.150275519	4.037018521	-0.129489728	0.288388422	-1.922416665	-1.262449805	0.523859313	-0.050988697	0.435908473	-0.21951461	0.26815947	-1.603339678	-0.32334535	1.881535928	0.338224015	1.063602981	0.106273786	-0.373479035	-0.133798856	0.467029494	-1.15229815	2.349729038	-0.966290308	0.200825581	0.019425064	-0.782947479	-0.267809741	-0.275155728	-0.230513507	1.819459514	-0.452939265	2.358895058	1.387697161	-1.315032148	-0.100085449	0.95031977	-0.612373015	-1.086903066	-0.084935985	-0.65745757	-0.702778491	-0.289381187	-0.419124944	1.157556528	-1.767217879	-0.745918495	0.034447725	0.857741809	0.814790249	3.443138131	3.570671854	1.104107484	0	-0.187429926	-0.417060733	-0.549404407	3.045794324	1.682911905	0.520256129	-0.622780412	0.501739398	-0.948216785	-0.222726945	0.132201	0.08755823	0.40866409	1.271530866	-0.03970232	0.806916372	0.487386906	0.238811726	-0.327682914	0.216828758	0.070793514	0.170832394	0.625878051	-0.473067437	-0.272875254	0.121460871	-0.955904717	0.74017957	2.308717838	0.197066996	0.800557278	0.30787026	-1.763138932	1.438523193	-0.153795476	-2.234161999	0.348696842	0.012258546	0.024987806	-0.449247184	-0.246955358	0.413665579	1.084886504	-0.361987687	-1.123857552	-1.041530677	0.948345759	-0.383232021	-0.442719521	0.320209437	-0.242729786	0.359608154	0.248863849	1.379323086	0.858015343	0.070240166	-0.175335654	-0.827112645	-1.045774103	-0.554066388	0.015284007	0.473373172	0.916978026	0.144969304	-0.40064806	0.532142058	-0.257801915	-0.557944955	-0.304998116	-0.159667551	0.071388042	-1.207627929	0.016380952	0.58107888	-0.941489714	0.197304927	-0.165690739	-0.332878903	-0.554836016	0.795597889	0.683519558	0.020518022	-0.214673118	-0.668258679	-0.220695526	-1.173459897	-0.081607931	-1.208510645	0.285700991	1.451539203	0.169308097	0.584944115	1.573107598	0.288864809	0.325833813	0.061844547	0.55690588	-0.075809437	0.12902607	-0.072931206	-0.010231045	0.301383648	0.494552222	0.212655598	0.113427595	0.073635876	0.108583443	1.05398288	2.408739957	-0.127598703
BI	-0.19523134	0.46581552	1.219818679	1.594142304	-0.878577299	-0.548574928	0.189772192	-0.704784706	2.897129371	2.574084957	-0.527684892	-1.122829463	-0.870627154	1.935728653	-1.118488177	0.081699504	-0.807404704	-0.504033605	-0.638593309	-0.156980887	-0.43356345	-0.675581641	-0.251380284	0.687291369	-0.499746443	0.011265566	0.077156632	-0.043075875	1.287120029	-1.313363115	-2.511480115	-0.056670979	-0.450538099	1.177019521	0.323408216	0.301614933	0.001703387	0.614622455	-0.073256184	1.843325364	-0.106910868	1.315182285	-0.174979623	-0.078346139	-0.642319467	0.036419996	0.362549833	-0.856018989	-0.541608472	4.053942704	5.942377195	3.005333743	0.400366351	-1.672406677	-0.375476574	-0.727227151	-2.376827202	0.333338331	0.810764566	0.28353642	-0.044791611	1.340755504	-1.613616682	4.057090811	0.026559124	0.419469379	-1.693086502	-1.158324921	0.732670785	0.191041712	0.635633468	0.031344223	0.390427685	-1.61621159	-0.467771389	2.004268458	0.290545526	1.085212751	0.085027261	-0.262497876	-0.128460201	0.659557639	-0.925577385	2.48371692	-0.770095594	0.36664739	0.062594353	-0.583091164	-0.214330386	-0.118301418	-0.020164162	1.782878516	-0.081050393	2.614503059	1.205965583	-1.425688219	0.001651226	0.489786885	-0.417065103	-1.024428541	0.051776993	-0.579516556	-0.326891238	-0.34205731	-0.338260888	1.054772757	-1.675826486	-0.669478685	-0.165399068	0.855690793	1.084847361	3.42318189	3.451584355	0.997779809	0.102771444	-0.247251369	-0.263696212	-0.375893505	2.894676107	1.526931946	0.554043596	-0.639162795	0.482972824	-1.004994727	0.031347896	0.392788937	0.056330047	0.449156062	0.992778531	-0.041776149	1.030632398	0.57671605	-0.065033242	-0.197250413	0.556052901	0.28186418	0.267735845	0.535774649	-0.337478064	-0.43031105	0.018993912	-1.247136883	0.667982851	2.155991433	0.051269222	1.01989229	0.175047305	-2.122814134	1.452404017	-0.093307182	-2.385755662	-0.047190134	-0.016012018	0.424328871	-0.47816277	-0.115010894	0.605527967	0.61181562	-0.242927711	-0.944402315	-0.769481483	1.140828062	-0.843133805	-0.402231494	0.122103211	-0.249045192	0.411740978	0.540197149	1.537718343	0.852393611	0	0.104463665	-0.758968086	-1.148354613	-0.35911667	0.312735019	0.613436961	0.777818091	-0.601752526	-0.145055755	0.705549699	-0.101753911	-0.417939823	-0.177578072	-0.469401941	-0.095948276	-0.715210238	-0.871742228	0.740932179	-0.406747031	-0.095984226	-0.212073484	-0.246329453	-0.585358679	1.06074723	0.945487524	0.215117846	-0.1717512	-0.597423441	-0.029570172	-0.927051953	-0.10602166	-1.091397543	-0.09406319	1.034643671	0.189118874	0.6792377	1.623612874	0.325812066	0.394522742	-0.51916925	0.582968415	-0.199677651	0.063068456	-0.485460064	-0.216103018	0.141028804	0.275960729	0.415237765	-0.070419562	0.008007777	-0.256309959	1.252385201	2.467550535	-0.108242762
BJ	-0.123413203	-0.201894661	0.354094875	0.981115146	-0.976180918	1.082707673	1.030586148	-0.339992099	2.946852367	2.648884923	-0.089895607	1.092342311	-0.967600721	1.366905399	-0.794610758	0.852484136	-2.833624313	1.043848539	-0.361971066	-0.053297465	-2.992009824	-0.503833076	0.764285344	0.134972754	-0.474450065	0.19357563	1.082044982	0.548095623	0.643253259	-0.388391475	-3.709944811	0.22456524	-0.612784586	0.892880373	0.425836778	0.539808391	0.665285285	0.059765406	-0.064373864	-1.67272083	-0.541151434	2.03357893	-0.333732668	-0.291571845	-0.34510602	-0.076772433	-3.973348172	-0.269771782	0.350059563	-0.890531373	-0.163239258	0.013301255	-0.035291654	-2.054568531	-0.040837884	-0.702437494	-2.348720829	-0.045418849	1.308365086	1.860438569	0.628311964	1.861103321	-1.973868109	-0.093932274	-0.476313158	0.396877612	-1.416301027	-0.100642182	-0.903088533	-0.418680418	-0.226403175	0.139171723	1.386353962	2.261711218	-0.198215419	-0.307383726	0.772315796	0.482583825	-0.18793741	-0.023196499	-0.124165026	0.329855713	-0.600241097	0.598855656	-0.046161698	1.48892739	-0.269006198	-0.068118559	0.151177537	0.553824606	-0.809898583	-0.232854438	0.235472475	1.0191402	-0.071026143	-0.955565457	-0.719479481	0.840332942	0.120662857	-1.041733091	0.745205707	2.651886263	2.47481016	1.045516786	-0.101485189	0.923984706	-1.859038415	-0.257522994	0.659940211	4.006827468	1.190609687	1.870467632	2.546083912	-0.076180363	0.225023402	0.694316099	0.072854967	-0.655599095	1.492833689	0.333613876	-0.771554138	-1.762392638	0.987318852	-3.791952753	0.965838003	-0.567194316	0.621938848	-0.751293848	-2.799206114	0.051736048	-0.14271581	-0.099275589	0.0089928	-0.367817267	0.7809733	0.562912334	0.143739923	1.025465211	-0.171112471	0.158889118	0.924123936	1.662871789	0.723534853	0.159209331	0.046382733	1.280343774	-0.08597468	-0.750277093	2.644590239	-0.174545397	-1.796289691	-0.168413143	0.147595234	0.145020547	-0.330715721	0.115698059	0.015442164	-1.017776772	0.108975663	-0.878638483	0.18739964	1.345823159	0.022809846	-0.409223518	-1.343886169	0.099517093	0.962641941	0.286595099	0.469836725	1.638076007	0.517302752	-0.454770862	-0.330201077	-0.910925721	0.333019221	0.273359471	1.448842649	-3.830644244	-0.03553249	0.216831708	-0.724676197	-0.228473096	-0.533949562	-0.254165406	-0.151359299	-0.37843284	-1.313194338	0.291334753	-0.365320029	-0.021944327	0.29676511	-0.256657802	-0.111197406	-0.360530682	-1.204880577	-1.279839065	0.310460439	-0.430803877	1.54174008	-0.033515507	-0.575058112	-0.118280379	-0.984113209	-0.262275116	1.207579378	-0.066410571	1.122664448	2.377675134	0.149238791	0.337073376	-0.218058799	0.912943778	0.123275226	0.387701844	-0.250427159	0.151581823	-0.1556481	-0.480653221	0.474702736	0	0.358677853	0.358296108	-1.244687645	0.396988683	8.32E-04
BK	-0.047150828	-0.031024621	0.280361204	0.69044831	-1.022550821	0.998832217	0.934496224	-0.464533287	2.864078008	2.83275616	0.020331964	1.010768951	-0.635196778	1.410367456	-0.760134914	0.873382072	-2.445662375	0.7680317	-0.349992373	0	-2.943500986	-0.349819654	0.561069953	0.291894128	-0.188160643	0.220814397	0.858072848	0.543596495	0.952137357	-0.362690308	-3.016118202	0.080947762	-0.5582092	0.782879523	0.423745811	0.638162466	0.359353581	0.21668243	-0.087755216	-1.594052376	-0.481568487	2.165450608	-0.288849326	-0.327293446	-0.361471862	0.100281075	-3.116001862	-0.258846	0.322474354	-0.734482915	0.156443598	0.383814027	-0.002684755	-1.814465158	0.03262256	-0.855467648	-2.288748445	0.176685273	0.834611042	2.032012776	0.502426374	1.381716762	-1.582350859	-0.113146065	-0.724817428	0.344328368	-1.429177389	-0.103901807	-0.582296925	-0.127030873	-0.123904958	0.298224236	0.929280622	2.257596101	-0.312358328	0.031064158	0.719035952	0.485371858	-0.147749186	-0.075824522	-0.138516094	0.457565173	-0.519639945	0.538218574	-0.113717645	1.385118124	-0.0706631	-0.100566706	-0.044035434	0.504033973	-0.682097463	0.364610903	0.417685924	1.235626549	-0.111458563	-1.078359827	-0.682661704	0.675705166	0.284652628	-1.05144268	0.833538343	2.761991911	2.301634003	0.884291954	-0.081114158	0.66035807	-1.68962254	-0.402486909	0.42840157	3.736867549	1.10521551	1.827241376	2.442505011	-0.077421867	0.243641672	0.391938385	0.042126681	-0.529218651	1.346542198	0.272446688	-0.92899824	-1.735322303	0.952085785	-3.812077956	0.715941824	-0.529481147	0.560047846	-0.912856634	-2.803733392	-0.106195051	-0.096813021	-0.020045296	-0.067009066	-0.299349319	0.912860662	0.589880915	0.167058648	0.95932795	-0.112274063	-0.025358888	0.615368943	1.634523501	0.575331906	0.060362435	-0.130344204	1.305253802	-0.194534537	-1.301192877	2.130677225	-0.109410742	-1.957261853	-0.5192415	0.008090267	0.22175107	-0.305715414	0.031897768	0.100076563	-1.07150211	0.116621832	-0.779183082	0.581780544	1.290102018	-0.318141477	-0.436959625	-1.748492961	0.057476861	0.828276431	0.458746979	0.468182965	1.475152208	0.22725435	-0.396531794	-0.338183991	-1.109863987	0.242317629	0.27893781	1.339575455	-2.709024341	-0.149297466	0.12128834	-0.772469042	-0.238464632	-0.507637982	-0.117166997	-0.474745343	-0.604230944	-1.041483307	0.046881621	-0.470516437	0.237886076	-0.266752991	-0.152973371	-0.089947523	-0.271149214	-0.898030628	-1.277413151	0.23999338	-0.448135086	1.841257298	-0.050938579	-0.740760757	-0.179318253	-1.093173844	-0.369923075	0.478774047	-0.205718458	0.790045522	2.141489822	0.009654674	0.251617077	-0.430970961	0.993812906	0.017014037	0.382312918	-0.432904713	0.063442289	-0.236533251	-0.916945111	0.624184045	-0.10735084	0.183470641	0.026581271	-2.109100956	0.223095815	-0.220458807
BL	0.380267765	0.22848668	-0.52902365	-1.078468954	-1.141684292	-0.379829001	0.650487471	-1.284480415	0.115355996	0.097931923	-0.133604114	-0.783832949	-0.537510947	1.905512135	-1.365098893	1.773195562	-2.538709508	1.089223199	-0.114866466	0.128858411	-3.429073721	-0.371251934	0.680641316	0.030940349	-0.212638956	0.859583924	-0.076750465	0.231092468	0.210598242	3.356135513	-3.205479216	0.606000971	-0.174810266	0.294900299	0.366416172	0.778741304	0.921653349	0.826007771	-0.406349768	-1.330619831	0.180298562	2.131773168	-0.197024331	-0.114986914	-0.042067165	-1.000513819	-3.408402898	-0.11007921	-1.125354705	-0.361797092	0.010431694	0.47139449	0.404233096	-1.520048902	0.659543536	-0.398217161	-1.947409496	-0.001260844	-1.24400147	1.107745855	0.58890777	-0.48771896	-1.730076689	-0.260022062	-0.590204299	0.649072262	-1.30405587	0.16186867	-0.548105711	-0.163976534	0.020533561	-0.278463775	1.54330503	2.345521002	0.019740873	-0.709424891	0.241461249	-0.395016216	-0.114492681	0.06250587	-0.764232326	-0.394740713	-0.271986587	-0.624349574	-0.064132844	0.732288269	0.105480404	0.171763042	0.065836088	0.628943015	-0.958647641	0.025758466	-0.963647234	0.047477203	-0.290985057	-0.702275406	-1.284061141	1.563479017	-0.5785883	-1.326141859	0.835965591	1.957174248	1.35784001	0.180476535	0.359762618	0.215879955	-1.465325148	-0.685941032	0.273049179	1.927412881	1.136215447	-0.526116555	-0.175281992	0.148478054	0.394822505	0.9808723	0.407980503	-0.449021658	0.455920182	-0.774690194	-0.688890044	-1.89230825	1.394069332	-3.542628439	-0.180792647	-0.56938142	0.385919867	-0.497280976	-2.28714799	-0.429657692	-0.484216426	0.006769982	0.068923098	0.131818775	0.972239747	-0.086374802	-0.492010408	0.388029705	0.401418984	0.638589288	1.496929547	1.02716008	-0.425289691	0.527343187	-0.394377332	0.390614498	0.308249318	-0.11130133	0.144874912	0.14722484	-1.844172315	-1.871280447	0.554318409	-0.532451543	-0.308813306	-0.356632268	-0.255425537	-2.067407687	-0.134875869	-0.80088463	0.205838411	-0.396179965	0.296714813	-0.02141513	-1.27418138	0.021388705	-0.35293858	-0.332706164	0.165488558	1.69250146	0.812354167	-0.230454499	0.096770035	-0.780336332	0.072562052	0.12317969	0.156516114	-2.770897284	0.501943789	-0.511190018	-1.472670132	0.074722598	-0.192453865	0.302807263	0	-0.549558495	-1.415138386	0.630465985	-0.545250992	-0.20538693	0.505167493	0.061799839	0.251212559	0.082942367	-0.774329779	-1.278992249	1.225051294	-0.142536829	0.098924249	0.244508433	-1.006903023	0.181533674	-0.863890127	-1.398274747	1.452260074	0.092500463	1.132358303	1.150991539	0.078815122	-0.444224744	0.240113266	1.044611626	0.185065636	2.034671158	-0.197716563	0.558444514	-0.159964895	0.02606592	-0.256943978	0.225314227	-0.335453503	0.826729104	-0.582062428	-0.044819434	0.095701866
BM	0.283692476	0.288201438	-0.287712937	-1.000563545	-1.025872344	-0.317318362	0.735296689	-1.109964244	0.245489152	0.256492395	-0.065541009	-0.642192692	-0.274254594	2.036428571	-1.166764804	1.817640065	-2.05620582	0.818742457	-0.0948796	0.144091227	-3.291791511	-0.170572016	0.705875504	0.301245021	0.364455407	0.86372565	0.048321623	0.400739005	0.592263748	3.214231418	-2.492974207	0.599510022	-0.187778355	0.421013736	0.308679291	0.831862221	0.773804062	0.849479828	-0.35090279	-1.24330638	0.249463253	2.349703622	-0.163305059	-0.097813079	0.215652682	-0.80735687	-2.859293474	0.05478923	-0.926246534	-0.357526118	0.345943198	1.100968764	0.469542835	-1.407387901	0.752517441	-0.489324197	-1.8967918	0.163335638	-1.190717086	1.371042827	0.601954253	-0.696961947	-1.116509332	-0.173728201	-0.778758771	0.770507007	-1.275226796	0.272326831	-0.330242775	0.10209712	0.085956533	-0.146860969	1.060770926	2.207080699	-0.213664008	-0.186350903	0.615944353	-0.041491068	0.038250375	0.169424838	-0.487642717	0.047059779	0.022465386	-0.483220269	0.030795719	0.656392742	0.181458595	0.275341942	0.176944119	0.608156559	-0.797951918	0.616288472	-0.024737008	0.319719941	-0.086572672	-0.717908061	-1.136015887	1.403253891	-0.360604647	-1.131946964	0.967300904	2.035962595	1.356830369	0.020549746	0.286630944	0.122512908	-1.400421442	-0.721701719	-0.042819774	1.972844758	1.256437778	-0.374120061	0.088366607	0.092651425	0.48964922	1.031234645	0.350708566	-0.252899812	0.335561313	-0.46587128	-0.776835891	-1.436628898	1.452898261	-3.673848629	-0.035428734	-0.299982598	0.193058427	-0.562298552	-2.420662014	-0.100915491	-0.492419115	0.081618905	-0.06070762	0.135947654	1.189488741	0	-0.337788393	0.175773718	0.355243605	0.706666942	1.373827044	0.688975504	-0.336975385	0.677759882	-0.515765584	0.651571935	0.19746	-0.649133189	0.039233145	0.057769406	-1.695654454	-2.203910458	0.408553062	-0.192320203	-0.439164651	-0.14944308	-0.192425547	-2.054953407	-0.014223838	-0.461061806	0.633312742	-0.294183698	-0.078384199	-0.228003608	-2.033193655	0.24825722	-0.43117532	-0.273281827	0.215605811	1.685080202	0.530200482	-0.232551379	0.072256477	-0.745617356	0.234582899	0.250856911	0.163258354	-3.386777415	-0.034074501	-0.637137128	-1.912377885	0.172786699	-0.097463084	0.336050511	-0.392218204	-0.747910569	-0.838178528	0.377100732	-0.857509093	-0.011582242	-0.030142104	0.148591183	0.494172983	0.058734133	-0.44827909	-1.502967291	1.187207435	-0.15522281	0.127075817	0.126520867	-0.874760618	0.082373308	-1.136715839	-1.665331962	0.92021748	-0.158980096	1.001024275	0.786988738	-0.132671299	-0.575336405	-0.190906852	0.843882833	0.078733596	2.125834539	-0.696057113	0.510459957	-0.370512498	-0.639179338	-0.012591064	0.023419245	-0.553369384	0.63232955	-1.294869091	-0.467015948	-0.068533895
BN	-0.268004179	0.323229711	0.623290259	1.816147937	-0.780345134	-0.636758408	0.878971973	-0.194063978	0.578053407	-0.00218167	-0.315764919	-0.355250866	-0.31669898	1.711373203	-0.282700537	0.099860284	-0.618093259	-0.81603943	-0.394399711	-0.016260015	-0.91258827	-0.700438257	0.058819772	0.653866883	-0.398557034	-0.080313629	-0.611242856	0.332446111	-0.245540122	-1.099269457	0.213670944	-0.168930094	0.116451283	0.093111066	-0.230348362	0.018816128	0.061277144	0.337889656	0.109440542	1.237051282	-1.238443551	1.860403268	-0.267268187	-0.157726353	-0.4977017	-0.191078325	0.175329687	-0.783607317	0.364902265	2.097152092	2.294171855	0.086561608	-0.022157757	0.098293293	-0.182063783	-0.70972899	-1.706695676	0.082775638	0.763209625	1.641419066	-0.316846355	0.889989872	2.155773749	1.957415968	0.471260677	0.040254529	-1.990930913	-0.74952872	1.274866144	0.887474408	-0.093183677	-0.010085943	0.286843833	-1.37085875	-0.198642708	0.349338226	0.414158564	0.18201504	-0.050986721	-0.277624772	-0.092624022	0.343446012	-0.881550616	1.001851746	-0.431014268	0.570208865	-0.116708741	-0.327266309	-0.063467277	-0.227952997	-0.557513464	1.100932867	1.22039203	1.875419544	0.167896443	0.838229193	0.443074291	0.653626946	-0.01980691	-0.495635026	0.293311825	0.216766479	0.027602807	-0.435312982	0	0.978257153	-0.045929412	-0.482388473	0.184161112	1.613773665	0.7464443	1.537996028	1.847009006	0.359032009	-0.155444293	0.011153976	-0.190752976	-0.442376194	0.266501429	0.872104141	-0.489415242	-0.155047314	-0.120306604	-1.511320565	0.354088604	-0.009155287	-0.10243379	0.053177129	-0.203815045	-0.106998682	0.832911855	0.225688352	-0.055331899	-0.191413894	-0.05056782	-0.112537346	-0.25864748	0.635219747	-0.466954984	-0.083370595	0.193914662	-0.763332108	0.740720436	2.271871514	-0.07103773	0.723916434	0.619623836	-0.606967366	0.865393705	0.18990411	-2.018185726	0.425504525	0.053034795	0.561219957	-0.161572505	-0.263735547	-0.013566652	0.686868133	-0.071576838	-0.939204885	-0.621594582	-0.385937141	0.124444554	-0.351226385	0.115244954	-0.289832309	0.486373879	0.309020161	0.453369827	0.642184028	0.235116695	-0.310396237	-0.626954335	0.022450343	0.372182551	-0.25546181	0.250317443	2.984961616	0.073832606	0.222552291	0.70178034	-0.272551518	-0.540220908	-0.216345496	-0.275514407	0.3687099	0.322784655	0.673325979	0.327742314	-0.778895344	0.052280638	-0.143920256	-0.309296608	-0.368527566	0.135527293	0.131287111	0.099828433	-0.096154682	-0.260465224	-0.161943737	-0.647823717	-0.053020561	1.305024668	-0.095109444	1.568947802	-0.102979931	0.368765562	1.142952705	0.114606995	-0.397576235	-0.208478982	0.576451154	-0.214871265	-0.06316549	-0.136139217	-0.082217577	0.029872795	1.820695672	0.267843889	0.014888694	-0.1298885	-0.112051475	1.748588046	0.602329349	-0.071156616
BO	-0.132546279	0.516929408	0.708624229	2.060151569	-0.649506366	-0.392451047	1.120775641	-0.232673795	0.691351624	0.050713331	-0.38947029	-0.700515171	-0.338573761	1.773083336	-0.156286706	0	-0.687085879	-0.663517253	-0.411480569	0.030079417	-0.711789555	-0.723756613	0.190102842	0.560144549	-0.488612878	0.041313768	-0.468558662	-0.068604019	0.143573437	-0.963090586	0.586210687	-0.235880635	-0.153623735	0.104228901	-0.269031802	0.080756347	-0.062035596	0.284771083	0.0726653	0.938349231	-1.245024493	1.674058548	-0.263552725	-0.094895925	-0.501061343	-0.102466572	0.236752672	-0.668209728	0.350617869	1.944717015	2.105036231	0.126523526	0.004557712	0.176440947	-0.20498975	-0.669614639	-1.665559263	-0.011019936	0.763467721	1.757563669	-0.176553228	0.667411085	2.248212446	2.007372531	0.643937352	0.155382512	-1.688227222	-0.908796687	1.401661698	0.923803719	-0.017836325	-0.145980482	0.347462844	-1.334735382	-0.38962725	0.227563129	0.219435162	0.095494691	-0.138746862	-0.225690093	-0.027305578	0.393909826	-0.833203528	1.024305606	-0.337891596	0.694614972	-0.046771062	-0.331250053	-0.129189048	-0.11735809	-0.51309002	0.988148303	1.281517996	1.943052408	0.260187299	0.92020771	0.420877587	0.091833502	-0.085366707	-0.715417525	0.296263823	0.074646867	0.175920514	-0.143340982	0.119228854	1.350723025	0.185996197	-0.514298218	-0.051570611	1.54445549	0.6241008	1.571819743	1.655763439	0.495815471	-0.107142514	-0.207729057	-0.183569087	-0.294448295	0.286878805	0.967687173	-0.495486725	-0.194557528	-0.248321716	-1.172308342	0.355101636	0.244157942	-0.142998143	-0.052176978	-0.097037387	-0.369126436	0.889854718	0.277067959	-0.030827292	-0.157027254	-0.086604585	0.01508743	-0.508897348	0.274899533	-0.4646599	-0.144905455	-0.038474012	-1.082632834	0.785454766	2.155450292	-0.07574094	0.833954481	0.472841239	-1.362277491	0.886694566	0.203310796	-1.823667067	0.230274301	0.083341363	0.761524024	-0.239606499	-0.269694501	0.088984205	0.463758099	-0.104737385	-0.972184692	-0.35387754	-0.35846631	0.03608309	-0.41595809	0.280813665	-0.242517063	0.334507582	0.367194652	0.668425128	0.489169927	0.081340499	-0.282701841	-0.605898537	-0.260116695	0.478844136	-0.009824651	0.287215134	2.856845237	-0.11425476	0.01159574	0.676014526	-0.15606837	-0.280420789	-0.275760389	0.122053519	0.174701809	0.42887732	0.222473401	0.384720916	-0.417804911	0.477944627	-0.169862781	-0.336832638	-0.42045665	0.487976994	0.241541593	0.061435928	-0.168756884	-0.325555803	-0.149489305	-0.80833932	-0.055330709	1.145478631	-0.072818296	1.352302721	0.487334774	0.096616765	1.243941484	0.114549362	-0.103933037	-0.231565155	-0.053826783	-0.070948014	0.075714913	-0.199948585	-0.246402195	-0.005836897	1.949864672	-0.129697894	0.09791241	-0.04254328	-0.110389497	1.302948231	0.778811763	0.262514669
BP	-0.125411554	0.313659556	0.794438155	1.890049147	-0.658281639	-0.316557969	0.81053684	-0.214683632	0.79866397	0.175241668	-0.308495883	-0.639472845	-0.119971641	1.927363856	-0.193506117	0.214748542	-0.813851996	-0.584319431	-0.289405063	0.096890436	-0.797632282	-0.658036074	0.035415933	0.718649186	-0.193168133	-0.118363457	-0.426951141	-0.109919207	0.479612901	-0.773532178	0.202028892	-0.151899606	-0.04893247	0.118521148	-0.114877929	0.198508619	-0.09804683	0.462040582	0.081012659	0.99257121	-1.095166102	1.730970714	-0.182668691	0.008418405	-0.353490252	-0.041392243	-0.022652793	-0.629417889	0.469893038	2.121470469	2.286741202	0.104953722	0.048274881	0.319514177	-0.096672232	-0.699905347	-1.617947934	0.167001924	0.520298468	1.902758375	-0.075107608	0.272342186	2.418608032	1.960120441	0.506511844	0.266866179	-1.622312766	-0.775505862	1.506900441	1.05269405	0.070477217	-0.20395281	0.027849804	-1.16547595	-0.425399266	0.335361641	0.328504324	0.203016242	-0.009025194	-0.224643742	0.127662784	0.53462148	-0.798272871	1.034965984	-0.396475016	0.703722684	-0.03868748	-0.339061406	-0.014743126	-0.080553278	-0.424892651	1.202851127	1.227576991	2.05398477	0.308835152	1.043106511	0.493921912	0.107727419	0.102778049	-0.674595473	0.345078838	0.141551923	0.191658309	-0.140296835	0.195195257	1.111595726	0.190427597	-0.422587499	-0.056466214	1.491057795	0.78319665	1.64951572	1.661963903	0.445504191	-0.082779475	-0.132360441	-0.103114827	-0.158875161	0.275291879	0.865367014	-0.454283352	-0.094144447	-0.240883108	-1.17727213	0.523049532	0.199409856	-0.107077866	-0.042180746	-0.186666599	-0.088679289	1.005953756	0.235468982	-0.117997336	-0.084000558	0.12841132	0.159375375	-0.291444409	0.308559855	-0.402354117	0.107059506	0.072878488	-1.096375514	0.79905089	2.027897821	-0.094558095	0.910828657	0.362541073	-1.789085787	0.7927519	0.297323905	-1.904275724	-0.129185239	0.10278521	0.440790039	-0.147832768	-0.216982544	0.276269172	0.542794037	0	-0.803765943	-0.249287053	-0.264243737	-0.174296834	-0.322875389	0.210825917	-0.303674098	0.184290425	0.401726795	0.725095271	0.515826081	0.12581682	-0.153856362	-0.459715731	-0.296743551	0.318977943	-0.092069634	0.34873318	2.81514833	-0.1675988	-0.126701435	0.712745455	-0.073130964	-0.349937545	-0.165077606	-0.059627709	-0.038115703	0.586513274	-0.308757727	0.321629704	-0.255602767	0.235865322	-0.033692777	-0.329672986	-0.450313275	0.663541933	0.260602562	0.271461036	-0.131584814	-0.26891166	-0.070561906	-0.736730302	-0.01591685	0.985030048	-0.154864094	0.768622534	0.538754264	-0.107694374	1.081312909	0.129924086	-0.11378953	-0.335274592	-0.32364544	-0.11982364	0.11455954	-0.312603609	-0.199553158	-0.161954308	1.84406958	-0.072897633	0.034441468	-0.088777048	-0.20077218	0.533851838	0.603513464	0.180423833
BQ	-0.125087852	0.46889624	0.546310636	2.064798789	-0.726911063	-0.61081377	0.81807803	-0.563417888	0.404389394	-0.012573107	-0.335895503	-0.552796652	-0.238072391	1.238516892	-1.020754848	0.014754953	-0.687305543	-0.763144018	-0.499765215	-0.206610183	-0.466275396	-0.801263805	0.043695381	0.727312938	-0.322707409	-0.151563367	-0.388083144	0.446039908	-0.287678418	-0.974676676	0.708239517	-0.203371171	-0.051807752	0.503763889	-0.208359159	0.240481046	-0.135173292	0.470522925	-0.037293903	1.107900272	-1.302802358	1.75998852	-0.390272437	-0.224110662	-0.60181866	0.051741662	0.38132353	-0.541986466	0.341681876	2.138099864	2.034784498	0.169785721	0.14835662	0.172495936	-0.183753	-0.784251308	-1.648455436	-0.026266057	1.034900352	1.497746347	-0.180671959	0.873073056	2.389957867	1.922013147	0.575794047	0.319058624	-1.619257495	-1.056575104	1.236173632	0.778538887	-0.018429586	-0.038863964	0.455117789	-1.219784248	-0.366690126	0.297830753	0.435721064	0.16227369	-0.398286646	-0.30246215	-0.106982204	0.314818793	-0.85746567	0.940569043	-0.150273539	0.455293435	0.037473356	-0.211712144	-0.239394434	-0.199451271	-0.454544935	0.978178671	0.906640517	1.852072898	0.321486243	0.573391182	0.399157675	0.314030721	0.196872917	-0.540894844	0.172345427	-0.092377088	0.22589755	-0.267209433	-0.10192641	1.117156843	0.016103614	-0.73244553	-0.022818191	1.430920603	0.418561418	1.50015744	1.668428731	0.54879789	-0.310271061	-0.001265433	-0.156848144	-0.646477139	0.207928393	1.063207071	-0.581406628	-0.247889601	-0.240741106	-1.410596353	0.307207288	-0.152573089	-0.320025802	-0.129075873	-0.252756912	-0.369211135	0.917350851	0.203496436	-0.25420111	-0.152609447	-0.09081704	-0.079758839	-0.392895831	0.523023026	-0.45866202	-0.319756304	-0.112607704	-0.998070945	0.656979341	1.95275585	-0.052687889	0.842460621	0.435441709	-0.164686382	0.816104038	0.097817037	-2.066923503	-0.179380463	0.047447125	0.720905069	-0.20043101	-0.15511943	0.12610828	0.915443905	-0.100127302	-0.821204821	-0.483487985	-0.409273994	0.069410751	-0.466187316	0.203552131	-0.395100647	0.159350749	0.356026191	0.636617229	0.500967011	0.044196117	-0.255027633	-0.807116789	-0.170236457	0.87751777	-0.032222181	0.182383821	2.342451759	-0.08942339	1.031715358	0.761884102	0.072262938	-0.424762646	-0.321466792	-0.048179431	0.826438662	-0.085582002	0.766362198	0.543940798	-0.537381012	0.581745291	-0.252767577	-0.306441254	-0.556639026	0.208990635	0.129088249	0.072479203	-0.240301003	-0.451543393	-0.218956591	-0.813161943	-0.249469199	1.130398742	0.092612613	1.331214383	0.462237718	0.821929149	1.19193644	0.38630655	0	-0.178029652	0.584975704	-0.02058898	0.112303576	0.01930395	0.073072511	0.005768309	1.883696187	0.027547038	-0.057772174	-0.05999097	0.004273261	1.918790542	0.799806158	0.29092183
BR	-0.098956107	0.306386581	0.738986262	1.7456163	-0.565452016	-0.263939582	1.149361621	-0.320776315	0.650533586	0.15091383	-0.256877764	-0.632887084	-0.15674381	1.902036091	-0.347881663	0.287094779	-0.802024575	-0.661062797	-0.303018816	-0.016487055	-0.782429252	-0.597390537	0.150047494	0.787491021	-0.264872253	-0.020471926	-0.467917935	0.112927262	0.471583075	-0.781571923	0.653604477	-0.157042944	-0.143056066	0.286819564	-0.027600903	0.230030436	-0.255411125	0.505509176	0.079136247	1.231007597	-1.127922198	1.992352435	-0.110330709	-0.0953595	-0.386335788	0.145673988	0.081968714	-0.580503019	0.412109858	2.055361645	2.269389685	0.238016456	0.239295341	0.364391823	-0.179208029	-0.754399574	-1.624815253	0.172150551	0.369481369	1.736322746	-0.120453105	0.728937367	2.215752809	2.035034134	0.646843967	0.365963657	-1.683087744	-0.785808233	1.419816449	0.885548821	0.037851656	-0.267290214	0.320365361	-1.197865485	-0.486357159	0.415664741	0.325949526	0.13386818	-0.145599585	-0.193058554	-0.090771394	0.444924051	-0.722033853	0.999574982	-0.382744795	0.589807456	0.032001198	-0.320470311	-0.121675549	-0.083457179	-0.494927579	1.152374664	1.008484466	1.999249857	0.229180818	0.815476081	0.363266744	-0.070499499	0.072935189	-0.671448842	0.39461879	-0.001195572	0.163673962	-0.232998545	0.082806434	0.853464185	0.093714092	-0.615200567	-0.219905392	1.455661766	0.784544911	1.628445516	1.646531811	0.426788413	-0.112213046	-0.143467567	-0.179009277	-0.201118019	0.214308303	0.795356313	-0.517045269	-0.253595001	-0.286552202	-1.378558835	0.457518774	0.173222271	-0.218605685	0.075764112	-0.27726991	-0.067080862	0.886126868	0.266706198	-0.152680654	-0.085503063	0.077131889	-0.082165571	-0.235964028	0.236281286	-0.355124889	-0.260415085	0.094021521	-1.276374751	0.773033943	1.936224571	-0.175519905	0.974566763	0.353476584	-1.878377207	0.772774754	0.199088183	-2.045084412	-0.046018945	-0.043239523	0.76548432	-0.239406575	-0.224140882	0.128716065	0	0.025473163	-0.806654408	-0.29654277	-0.325694786	-0.305227872	-0.455582646	0.15021574	-0.32097785	0.27099304	0.456047698	0.67342673	0.40213932	-0.005353636	-0.202097061	-0.612043634	-0.380556655	0.467826191	0.003449728	0.323411264	2.951719178	-0.536643921	-0.038584987	0.749929303	0.153639713	-0.416365668	-0.198470491	-0.239083744	0.300313004	0.469220271	-0.426681282	0.326975679	-0.20028271	0.220663546	-0.19683705	-0.297594095	-0.483470735	0.676328475	0.304285499	0.175630126	-0.145727246	-0.338579585	-0.084870542	-0.815643251	-0.106630294	0.91102001	-0.182579456	0.801416738	0.394511578	0.26912465	1.084327565	0.343804008	-0.083586352	-0.498010055	-0.019243327	-0.166924131	0.072663581	-0.453972009	-0.31621965	-0.096915444	1.636949218	0.052409636	-0.014705157	-0.164060455	-0.276509102	0.814996893	0.573737231	0.160846735
BS	-0.151120168	0.511869646	0.78091071	1.751091851	-0.574602488	-0.325209401	1.086861064	-0.069747065	0.776638017	0.117489806	-0.203975393	-0.433878354	-0.175707739	1.87801825	0.166677272	0.24394628	-0.710507391	-0.649471843	-0.399371801	-0.006136712	-0.709808493	-0.644149233	0.041237577	0.755510763	-0.209091807	-0.034113725	-0.334699885	-6.92E-04	0.561660509	-0.861198272	0.340684409	-0.218603046	-0.170795946	0.188974265	-0.136346113	0.118350214	-0.233394406	0.349384515	0.084823763	1.023823924	-1.15114333	1.82834057	-0.195711584	-0.07353718	-0.350777286	0.022659493	0.146327425	-0.599005074	0.404088674	2.02970372	2.263628983	0.297030579	0.088953337	0.34040568	-0.097490748	-0.806936529	-1.665916337	0.224678426	0.424199381	1.766516344	-0.145953355	0.477874285	2.644082541	2.177482177	0.721923418	0.195351663	-1.567379386	-0.859394151	1.491047076	0.908774714	0.133840185	-0.212606771	0.039567278	-0.983942789	-0.431529901	0.441567106	0.566316516	0.231438055	-0.043546917	-0.22251201	0.147916722	0.501038569	-0.736472356	1.058683876	-0.33020053	0.644068622	0.013580623	-0.531842099	-0.141881863	-0.161978027	-0.602074312	1.181025129	1.435412546	2.057226351	0.21304414	0.878589183	0.508992951	-0.38397305	0.336340161	-0.662094735	0.363688554	0.059344542	0.262162775	-0.187689876	0.134782036	1.072624406	0.063864827	-0.447891168	-0.321336324	1.565009219	0.76345895	1.686984769	1.699462069	0.323128858	0	-0.178687872	-0.098979576	-0.174010233	0.291083264	0.885637266	-0.565723988	-0.07146798	-0.297919503	-1.275175421	0.41152779	0.273400619	-0.320500152	-0.034977086	-0.23203416	-0.278768511	1.005163796	0.285981157	-0.371175536	-0.080763654	-0.015411328	0.066057769	-0.276086688	0.119312924	-0.467485127	-0.327647342	-0.218275993	-1.531289068	0.782408532	2.245036842	-0.26140132	0.966538802	0.291178756	-2.015423801	0.818029026	0.20439212	-2.029760373	-0.281693198	0.028202975	0.694790507	-0.220602158	-0.154484926	0.206895275	0.203373876	0.167443267	-0.749818574	-0.21029768	-0.235189635	-0.585494272	-0.432183101	0.153825147	-0.258585878	-0.010372283	0.437344481	0.702207724	0.42390841	0.066566282	-0.176201081	-0.5369751	-0.483197327	0.340800026	0.088246885	0.338936329	3.037310767	-0.685519866	-0.373925928	0.511515573	0.080618411	-0.294295738	-0.192088135	-0.309273707	-0.245893076	0.500339325	-0.352343774	0.329794865	-0.178245134	0.294509229	-0.098445735	-0.250257025	-0.507267217	0.769234614	0.322354226	0.314487192	-0.194906194	-0.291343596	-0.130799741	-0.900899439	-0.121645032	0.741727937	-0.260306828	0.591472415	0.394222432	-0.352388553	1.065532048	0.361577927	-0.017515094	-0.542474594	-0.227948044	-0.162820128	0.078294461	-0.423349206	-0.354190491	-0.057417468	1.707332682	0.578772476	-0.36372756	-0.209611198	-0.231515238	0.800516814	0.617423712	0.17247557
